epoch,support_train_loss,support_train_reg_loss,support_train_rank_loss,lr,support_eval_hmoe_test_loss,query_hmoe_test_loss,query_perf_rmse
1,13.807232259114583,13.807232259114583,0.0,9.97534852915723e-05,11.35654388054893,8.363983640144586,1.870064811675532
2,8.211032536824545,8.211032536824545,0.0,9.901664203302125e-05,,,
3,5.979507522583008,5.979507522583008,0.0,9.77975432332819e-05,,,
4,5.573147964477539,5.573147964477539,0.0,9.610954559391702e-05,,,
5,4.947750911712647,4.947750911712647,0.0,9.397114317029971e-05,,,
6,4.446855727831522,4.446855727831522,0.0,9.14057647468726e-05,,,
7,4.196757469177246,4.196757469177246,0.0,8.844151714648272e-05,,,
8,3.921474828720093,3.921474828720093,0.0,8.511087728614861e-05,,,
9,3.7541432348887125,3.7541432348887125,0.0,8.145033635316128e-05,,,
10,3.635348459879557,3.635348459879557,0.0,7.749999999999999e-05,3.4667454712089194,1.8180188189714968,0.7134894976429887
11,3.6101291100184123,3.6101291100184123,0.0,7.3303148938411e-05,,,
12,3.4310419877370197,3.4310419877370197,0.0,6.890576474687264e-05,,,
13,3.327444388071696,3.327444388071696,0.0,6.43560260867992e-05,,,
14,3.253073903719584,3.253073903719584,0.0,5.9703780847044455e-05,,,
15,3.227185173034668,3.227185173034668,0.0,5.500000000000003e-05,,,
16,3.1881251621246336,3.1881251621246336,0.0,5.0296219152955624e-05,,,
17,3.237800229390462,3.237800229390462,0.0,4.5643973913200855e-05,,,
18,3.0906419881184894,3.0906419881184894,0.0,4.109423525312741e-05,,,
19,3.0652061827977497,3.0652061827977497,0.0,3.669685106158903e-05,,,
20,3.0236361742019655,3.0236361742019655,0.0,3.250000000000003e-05,2.8747001245114654,1.419779554967269,0.6323048009186564
21,2.9765369415283205,2.9765369415283205,0.0,2.854966364683875e-05,,,
22,2.939189729690552,2.939189729690552,0.0,2.488912271385142e-05,,,
23,2.9217096614837645,2.9217096614837645,0.0,2.1558482853517287e-05,,,
24,2.910164388020833,2.910164388020833,0.0,1.8594235253127395e-05,,,
25,2.8942201280593873,2.8942201280593873,0.0,1.6028856829700286e-05,,,
26,2.8821277252833046,2.8821277252833046,0.0,1.389045440608298e-05,,,
27,2.8734516302744546,2.8734516302744546,0.0,1.2202456766718098e-05,,,
28,2.8659710892041526,2.8659710892041526,0.0,1.0983357966978752e-05,,,
29,2.8514808177948,2.8514808177948,0.0,1.0246514708427704e-05,,,
30,2.844452788035075,2.844452788035075,0.0,1e-05,2.743461939454118,1.3523257795560026,0.6203450777045019
