"sample_id","kernel","split","support_query","seed","k","selection"
"c64f6f43879e6cb6","syr2k","support","support","1","50","hmoe_paper_exact_seed1"
"8db3a7561f57850f","syr2k","support","support","1","50","hmoe_paper_exact_seed1"
"6533dd41aee879ef","syr2k","support","support","1","50","hmoe_paper_exact_seed1"
"d73266b5cab341fd","syr2k","support","support","1","50","hmoe_paper_exact_seed1"
"91a8fd411290510c","syr2k","support","support","1","50","hmoe_paper_exact_seed1"
"c6bb6863b81bcca5","syr2k","support","support","1","50","hmoe_paper_exact_seed1"
"0e54b1930d7346eb","syr2k","support","support","1","50","hmoe_paper_exact_seed1"
"10184b53b46431f3","syr2k","support","support","1","50","hmoe_paper_exact_seed1"
"0bb1acf1c6bdd6ca","syr2k","support","support","1","50","hmoe_paper_exact_seed1"
"275dbf1f298d56dc","syr2k","support","support","1","50","hmoe_paper_exact_seed1"
"9c5fe47a7f3371ca","syr2k","support","support","1","50","hmoe_paper_exact_seed1"
"dce6c42b9ce883d4","syr2k","support","support","1","50","hmoe_paper_exact_seed1"
"0bc9dfce5103edff","syr2k","support","support","1","50","hmoe_paper_exact_seed1"
"415d047616978069","syr2k","support","support","1","50","hmoe_paper_exact_seed1"
"bae8fa957b07dc0f","syr2k","support","support","1","50","hmoe_paper_exact_seed1"
"7547cdfc13259299","syr2k","support","support","1","50","hmoe_paper_exact_seed1"
"c3b93c17507b24a8","syr2k","support","support","1","50","hmoe_paper_exact_seed1"
"967811736021b32d","syr2k","support","support","1","50","hmoe_paper_exact_seed1"
"6b7a3a63a513e7f4","syr2k","support","support","1","50","hmoe_paper_exact_seed1"
"7f598e1a5b204938","syr2k","support","support","1","50","hmoe_paper_exact_seed1"
"b94a2ad1d393f6a6","syr2k","support","support","1","50","hmoe_paper_exact_seed1"
"5cf7d8cc09de0429","syr2k","support","support","1","50","hmoe_paper_exact_seed1"
"8f674109f29f697d","syr2k","support","support","1","50","hmoe_paper_exact_seed1"
"2883fd2e756dad0a","syr2k","support","support","1","50","hmoe_paper_exact_seed1"
"6e7dc87d3b844561","syr2k","support","support","1","50","hmoe_paper_exact_seed1"
"d56de68b5818f2c0","syr2k","support","support","1","50","hmoe_paper_exact_seed1"
"4774b62b72a175a9","syr2k","support","support","1","50","hmoe_paper_exact_seed1"
"a38d96984259f519","syr2k","support","support","1","50","hmoe_paper_exact_seed1"
"5ae5480f40dee700","syr2k","support","support","1","50","hmoe_paper_exact_seed1"
"a354c85e14e3f6e4","syr2k","support","support","1","50","hmoe_paper_exact_seed1"
"2641ecf0170d499d","syr2k","support","support","1","50","hmoe_paper_exact_seed1"
"fe97f1c7f7557306","syr2k","support","support","1","50","hmoe_paper_exact_seed1"
"1998412237ef2c3d","syr2k","support","support","1","50","hmoe_paper_exact_seed1"
"9479d4f09dff4ff1","syr2k","support","support","1","50","hmoe_paper_exact_seed1"
"eba61534fab39817","syr2k","support","support","1","50","hmoe_paper_exact_seed1"
"f40fd44b5e21918b","syr2k","support","support","1","50","hmoe_paper_exact_seed1"
"8d6e4878c2992e15","syr2k","support","support","1","50","hmoe_paper_exact_seed1"
"b23d5c1afc604565","syr2k","support","support","1","50","hmoe_paper_exact_seed1"
"c8aa534be3cfcbcb","syr2k","support","support","1","50","hmoe_paper_exact_seed1"
"de480fa449fa3d49","syr2k","support","support","1","50","hmoe_paper_exact_seed1"
"1d13483073c912dd","syr2k","support","support","1","50","hmoe_paper_exact_seed1"
"1c06b9a5b5fe70d6","syr2k","support","support","1","50","hmoe_paper_exact_seed1"
"073eeee3fe8f808e","syr2k","support","support","1","50","hmoe_paper_exact_seed1"
"9a611dbfee90fabc","syr2k","support","support","1","50","hmoe_paper_exact_seed1"
"384fc79974f7e383","syr2k","support","support","1","50","hmoe_paper_exact_seed1"
"26e4e575e0a5581e","syr2k","support","support","1","50","hmoe_paper_exact_seed1"
"6b31bb7a69b02d12","syr2k","support","support","1","50","hmoe_paper_exact_seed1"
"e3330d21e0bf25d1","syr2k","support","support","1","50","hmoe_paper_exact_seed1"
"328955ee375dcb09","syr2k","support","support","1","50","hmoe_paper_exact_seed1"
"a5062b8ba71a79db","syr2k","support","support","1","50","hmoe_paper_exact_seed1"
"213cd979bba3abbb","gemm-p","support","support","1","50","hmoe_paper_exact_seed1"
"b9490cabcadb25e8","gemm-p","support","support","1","50","hmoe_paper_exact_seed1"
"bc4453f06ff6a731","gemm-p","support","support","1","50","hmoe_paper_exact_seed1"
"dbd0e21f76a2b7bd","gemm-p","support","support","1","50","hmoe_paper_exact_seed1"
"d15bc24f13c0bb1d","gemm-p","support","support","1","50","hmoe_paper_exact_seed1"
"44435f443523b172","gemm-p","support","support","1","50","hmoe_paper_exact_seed1"
"e385af510d412fde","gemm-p","support","support","1","50","hmoe_paper_exact_seed1"
"d7a4be32a684722c","gemm-p","support","support","1","50","hmoe_paper_exact_seed1"
"fd951650d67b98bc","gemm-p","support","support","1","50","hmoe_paper_exact_seed1"
"1e61a91755bde15a","gemm-p","support","support","1","50","hmoe_paper_exact_seed1"
"bc0b4a3eb203b33e","gemm-p","support","support","1","50","hmoe_paper_exact_seed1"
"eefe93faaef42f92","gemm-p","support","support","1","50","hmoe_paper_exact_seed1"
"4f0e57501f9fad75","gemm-p","support","support","1","50","hmoe_paper_exact_seed1"
"4c09ca4e23088fa0","gemm-p","support","support","1","50","hmoe_paper_exact_seed1"
"0672e73f8bfbb77c","gemm-p","support","support","1","50","hmoe_paper_exact_seed1"
"2094e4f1edf458d2","gemm-p","support","support","1","50","hmoe_paper_exact_seed1"
"43a1fc399c607d82","gemm-p","support","support","1","50","hmoe_paper_exact_seed1"
"16a64917ea3821a4","gemm-p","support","support","1","50","hmoe_paper_exact_seed1"
"1e44fed449c41549","gemm-p","support","support","1","50","hmoe_paper_exact_seed1"
"1fa67e426a30f0d1","gemm-p","support","support","1","50","hmoe_paper_exact_seed1"
"43d18c5165979f67","gemm-p","support","support","1","50","hmoe_paper_exact_seed1"
"c23087f4ada53651","gemm-p","support","support","1","50","hmoe_paper_exact_seed1"
"6bfb9e054cecee78","gemm-p","support","support","1","50","hmoe_paper_exact_seed1"
"3d0ea503979644e9","gemm-p","support","support","1","50","hmoe_paper_exact_seed1"
"0eeabdcdff47386b","gemm-p","support","support","1","50","hmoe_paper_exact_seed1"
"2d2deba5a323b304","gemm-p","support","support","1","50","hmoe_paper_exact_seed1"
"eebad30dd85f618c","gemm-p","support","support","1","50","hmoe_paper_exact_seed1"
"230bcf10aafe80b9","gemm-p","support","support","1","50","hmoe_paper_exact_seed1"
"c5791db1d59b0697","gemm-p","support","support","1","50","hmoe_paper_exact_seed1"
"aedc82d84c86e989","gemm-p","support","support","1","50","hmoe_paper_exact_seed1"
"8ef4d5ca9c78eaf3","gemm-p","support","support","1","50","hmoe_paper_exact_seed1"
"1e2950aa36b473a1","gemm-p","support","support","1","50","hmoe_paper_exact_seed1"
"2040c35f05b537b6","gemm-p","support","support","1","50","hmoe_paper_exact_seed1"
"c72435dad60775dc","gemm-p","support","support","1","50","hmoe_paper_exact_seed1"
"f8eced5bda6750eb","gemm-p","support","support","1","50","hmoe_paper_exact_seed1"
"f779ac08d7725162","gemm-p","support","support","1","50","hmoe_paper_exact_seed1"
"c6e49ec4b4435aed","gemm-p","support","support","1","50","hmoe_paper_exact_seed1"
"b7785b488b1d90e8","gemm-p","support","support","1","50","hmoe_paper_exact_seed1"
"82851c00f5b54fd9","gemm-p","support","support","1","50","hmoe_paper_exact_seed1"
"62c57d9c0f74d8e7","gemm-p","support","support","1","50","hmoe_paper_exact_seed1"
"0bfe1684da131d58","gemm-p","support","support","1","50","hmoe_paper_exact_seed1"
"236797b508fe964e","gemm-p","support","support","1","50","hmoe_paper_exact_seed1"
"e3dc96a4e2faf104","gemm-p","support","support","1","50","hmoe_paper_exact_seed1"
"0df3b686b357956a","gemm-p","support","support","1","50","hmoe_paper_exact_seed1"
"4f7c1c7a0159ad36","gemm-p","support","support","1","50","hmoe_paper_exact_seed1"
"f6b5d9061a2b899c","gemm-p","support","support","1","50","hmoe_paper_exact_seed1"
"4c75129b129c3688","gemm-p","support","support","1","50","hmoe_paper_exact_seed1"
"49b034b757dc6ef9","gemm-p","support","support","1","50","hmoe_paper_exact_seed1"
"fbdff262c0ec71fe","gemm-p","support","support","1","50","hmoe_paper_exact_seed1"
"d86b4bef7a938c97","gemm-p","support","support","1","50","hmoe_paper_exact_seed1"
"ddd8e3ebba80a73e","jacobi-2d","support","support","1","50","hmoe_paper_exact_seed1"
"c395ab2e435aff0d","jacobi-2d","support","support","1","50","hmoe_paper_exact_seed1"
"56c9d9d6a71bf7c1","jacobi-2d","support","support","1","50","hmoe_paper_exact_seed1"
"b0b6944b2668f3e4","jacobi-2d","support","support","1","50","hmoe_paper_exact_seed1"
"3c2f528b154993a7","jacobi-2d","support","support","1","50","hmoe_paper_exact_seed1"
"7c1dc00b3bf4a5f3","jacobi-2d","support","support","1","50","hmoe_paper_exact_seed1"
"3e1936144535fbc1","jacobi-2d","support","support","1","50","hmoe_paper_exact_seed1"
"53465b974b67d248","jacobi-2d","support","support","1","50","hmoe_paper_exact_seed1"
"143101b6acaf1644","jacobi-2d","support","support","1","50","hmoe_paper_exact_seed1"
"2940580a380ffafd","jacobi-2d","support","support","1","50","hmoe_paper_exact_seed1"
"d269ecdf325e801d","jacobi-2d","support","support","1","50","hmoe_paper_exact_seed1"
"5a0b2bc64691d41e","jacobi-2d","support","support","1","50","hmoe_paper_exact_seed1"
"ee77ecc8d3d341ab","jacobi-2d","support","support","1","50","hmoe_paper_exact_seed1"
"5214d99fdeb11110","jacobi-2d","support","support","1","50","hmoe_paper_exact_seed1"
"418f7638dcb91743","jacobi-2d","support","support","1","50","hmoe_paper_exact_seed1"
"53885ac3842ab290","jacobi-2d","support","support","1","50","hmoe_paper_exact_seed1"
"edff4791f18c4a83","jacobi-2d","support","support","1","50","hmoe_paper_exact_seed1"
"08b823e9400351eb","jacobi-2d","support","support","1","50","hmoe_paper_exact_seed1"
"322b26639a483f11","jacobi-2d","support","support","1","50","hmoe_paper_exact_seed1"
"32f1f774163feb41","jacobi-2d","support","support","1","50","hmoe_paper_exact_seed1"
"4dc43ab556929ebc","jacobi-2d","support","support","1","50","hmoe_paper_exact_seed1"
"7358a0642d396c29","jacobi-2d","support","support","1","50","hmoe_paper_exact_seed1"
"f374d26c04ba2cab","jacobi-2d","support","support","1","50","hmoe_paper_exact_seed1"
"3f5754af4892a908","jacobi-2d","support","support","1","50","hmoe_paper_exact_seed1"
"764f63a42355b187","jacobi-2d","support","support","1","50","hmoe_paper_exact_seed1"
"e09ba6a56162015e","jacobi-2d","support","support","1","50","hmoe_paper_exact_seed1"
"7d9b2377f873fd86","jacobi-2d","support","support","1","50","hmoe_paper_exact_seed1"
"0bff14392f5463ba","jacobi-2d","support","support","1","50","hmoe_paper_exact_seed1"
"4160f17848553677","jacobi-2d","support","support","1","50","hmoe_paper_exact_seed1"
"d3b71341beff420b","jacobi-2d","support","support","1","50","hmoe_paper_exact_seed1"
"4e45152dc9ab5382","jacobi-2d","support","support","1","50","hmoe_paper_exact_seed1"
"53d53bf79f94009c","jacobi-2d","support","support","1","50","hmoe_paper_exact_seed1"
"e33b54c82cefb5a8","jacobi-2d","support","support","1","50","hmoe_paper_exact_seed1"
"3258eff57f70b64a","jacobi-2d","support","support","1","50","hmoe_paper_exact_seed1"
"eb12b029d36072ae","jacobi-2d","support","support","1","50","hmoe_paper_exact_seed1"
"8f57bbdd423a8183","jacobi-2d","support","support","1","50","hmoe_paper_exact_seed1"
"8cb79764b6680f04","jacobi-2d","support","support","1","50","hmoe_paper_exact_seed1"
"d42802d96e26dbb9","jacobi-2d","support","support","1","50","hmoe_paper_exact_seed1"
"22ec0ba283f993c7","jacobi-2d","support","support","1","50","hmoe_paper_exact_seed1"
"c2c93fa5894090c5","jacobi-2d","support","support","1","50","hmoe_paper_exact_seed1"
"dbbf61ec790c5658","jacobi-2d","support","support","1","50","hmoe_paper_exact_seed1"
"70a1bf473541b04a","jacobi-2d","support","support","1","50","hmoe_paper_exact_seed1"
"0b27ce5d3d4a3882","jacobi-2d","support","support","1","50","hmoe_paper_exact_seed1"
"abaaf405e8d7c365","jacobi-2d","support","support","1","50","hmoe_paper_exact_seed1"
"e0f176d01fa896b9","jacobi-2d","support","support","1","50","hmoe_paper_exact_seed1"
"5fcf77dcebfbbb45","jacobi-2d","support","support","1","50","hmoe_paper_exact_seed1"
"3fa48ecb90f45d31","jacobi-2d","support","support","1","50","hmoe_paper_exact_seed1"
"68b312dcdb9d70a2","jacobi-2d","support","support","1","50","hmoe_paper_exact_seed1"
"73b7ca2c1d248dd6","jacobi-2d","support","support","1","50","hmoe_paper_exact_seed1"
"725cf4d13035c879","jacobi-2d","support","support","1","50","hmoe_paper_exact_seed1"
"09b442110eaabb3e","gemver-medium","support","support","1","50","hmoe_paper_exact_seed1"
"eeca14754570c01b","gemver-medium","support","support","1","50","hmoe_paper_exact_seed1"
"97f4543bc45808b5","gemver-medium","support","support","1","50","hmoe_paper_exact_seed1"
"06c62edb9698a94a","gemver-medium","support","support","1","50","hmoe_paper_exact_seed1"
"88ccfe6d05a9e4b8","gemver-medium","support","support","1","50","hmoe_paper_exact_seed1"
"07338f58fab2b5d0","gemver-medium","support","support","1","50","hmoe_paper_exact_seed1"
"f4eea9d04231cbfb","gemver-medium","support","support","1","50","hmoe_paper_exact_seed1"
"1a6b958163ec4176","gemver-medium","support","support","1","50","hmoe_paper_exact_seed1"
"abd02553eb488b26","gemver-medium","support","support","1","50","hmoe_paper_exact_seed1"
"9a08c89cf92ce513","gemver-medium","support","support","1","50","hmoe_paper_exact_seed1"
"986b89097b75cf16","gemver-medium","support","support","1","50","hmoe_paper_exact_seed1"
"cf40d0255f3c7df7","gemver-medium","support","support","1","50","hmoe_paper_exact_seed1"
"9b76b16299db4740","gemver-medium","support","support","1","50","hmoe_paper_exact_seed1"
"7877de10140917c9","gemver-medium","support","support","1","50","hmoe_paper_exact_seed1"
"de0ebad02754366d","gemver-medium","support","support","1","50","hmoe_paper_exact_seed1"
"af43dc6e8bb3ccc6","gemver-medium","support","support","1","50","hmoe_paper_exact_seed1"
"f8611baa3d34baec","gemver-medium","support","support","1","50","hmoe_paper_exact_seed1"
"a8247c256499520b","gemver-medium","support","support","1","50","hmoe_paper_exact_seed1"
"387c4d6118e8c989","gemver-medium","support","support","1","50","hmoe_paper_exact_seed1"
"83417ac8d1dc1106","gemver-medium","support","support","1","50","hmoe_paper_exact_seed1"
"ad424b0bb7b2b1ff","gemver-medium","support","support","1","50","hmoe_paper_exact_seed1"
"83ed0b793841b275","gemver-medium","support","support","1","50","hmoe_paper_exact_seed1"
"b34bb2d60481a58b","gemver-medium","support","support","1","50","hmoe_paper_exact_seed1"
"ccedb74009e7acda","gemver-medium","support","support","1","50","hmoe_paper_exact_seed1"
"6bfa1888245ac30f","gemver-medium","support","support","1","50","hmoe_paper_exact_seed1"
"1d98f34eaa29cec7","gemver-medium","support","support","1","50","hmoe_paper_exact_seed1"
"00a64747fe7f3e59","gemver-medium","support","support","1","50","hmoe_paper_exact_seed1"
"4ea6ce68b66ec41f","gemver-medium","support","support","1","50","hmoe_paper_exact_seed1"
"92b03a2db6f6bb51","gemver-medium","support","support","1","50","hmoe_paper_exact_seed1"
"2b2203c683bb6dad","gemver-medium","support","support","1","50","hmoe_paper_exact_seed1"
"4b02cffad381ef74","gemver-medium","support","support","1","50","hmoe_paper_exact_seed1"
"ccf784e28e8d62ee","gemver-medium","support","support","1","50","hmoe_paper_exact_seed1"
"42bcdb5ed3fa6924","gemver-medium","support","support","1","50","hmoe_paper_exact_seed1"
"a1da14fefe06f567","gemver-medium","support","support","1","50","hmoe_paper_exact_seed1"
"82152443b2a642c2","gemver-medium","support","support","1","50","hmoe_paper_exact_seed1"
"0dd2aa628d6fce9a","gemver-medium","support","support","1","50","hmoe_paper_exact_seed1"
"db963af74fdef9e2","gemver-medium","support","support","1","50","hmoe_paper_exact_seed1"
"826e3156c7f5ca8b","gemver-medium","support","support","1","50","hmoe_paper_exact_seed1"
"f43b6a1af215f841","gemver-medium","support","support","1","50","hmoe_paper_exact_seed1"
"41ded80c7ec4056e","gemver-medium","support","support","1","50","hmoe_paper_exact_seed1"
"46f20070f755128c","gemver-medium","support","support","1","50","hmoe_paper_exact_seed1"
"9f3221336f822498","gemver-medium","support","support","1","50","hmoe_paper_exact_seed1"
"5e03ee828b3a552d","gemver-medium","support","support","1","50","hmoe_paper_exact_seed1"
"cec947423f44b08f","gemver-medium","support","support","1","50","hmoe_paper_exact_seed1"
"50ce49b321c5fefd","gemver-medium","support","support","1","50","hmoe_paper_exact_seed1"
"101fa2327321d834","gemver-medium","support","support","1","50","hmoe_paper_exact_seed1"
"47393fa60a317c60","gemver-medium","support","support","1","50","hmoe_paper_exact_seed1"
"4e9c06a02e6815a1","gemver-medium","support","support","1","50","hmoe_paper_exact_seed1"
"1a4bb6b034bde6c2","gemver-medium","support","support","1","50","hmoe_paper_exact_seed1"
"5bbc7c58da47afbc","gemver-medium","support","support","1","50","hmoe_paper_exact_seed1"
"6b6146a4aac73f5f","trmm-opt","support","support","1","50","hmoe_paper_exact_seed1"
"d1a0df99d715871c","trmm-opt","support","support","1","50","hmoe_paper_exact_seed1"
"37e8eb0b00f39883","trmm-opt","support","support","1","50","hmoe_paper_exact_seed1"
"a84bd82b4adff191","trmm-opt","support","support","1","50","hmoe_paper_exact_seed1"
"768ea1e341a9dfd2","trmm-opt","support","support","1","50","hmoe_paper_exact_seed1"
"214daf86a2f096e6","trmm-opt","support","support","1","50","hmoe_paper_exact_seed1"
"bb209d7362f59f03","trmm-opt","support","support","1","50","hmoe_paper_exact_seed1"
"9f7b7b5cedfda7ff","trmm-opt","support","support","1","50","hmoe_paper_exact_seed1"
"75e9f653022501f1","trmm-opt","support","support","1","50","hmoe_paper_exact_seed1"
"f278c9e062916ff7","trmm-opt","support","support","1","50","hmoe_paper_exact_seed1"
"e12a98cc7abed702","trmm-opt","support","support","1","50","hmoe_paper_exact_seed1"
"b2b5817237c5da37","trmm-opt","support","support","1","50","hmoe_paper_exact_seed1"
"79e57f3206588e67","trmm-opt","support","support","1","50","hmoe_paper_exact_seed1"
"9c2cf59629e7f453","trmm-opt","support","support","1","50","hmoe_paper_exact_seed1"
"598c17562c1a5283","trmm-opt","support","support","1","50","hmoe_paper_exact_seed1"
"8a67174d1f09ea2c","trmm-opt","support","support","1","50","hmoe_paper_exact_seed1"
"7bd4fa45a98f9195","trmm-opt","support","support","1","50","hmoe_paper_exact_seed1"
"03a12bc30dd2e935","trmm-opt","support","support","1","50","hmoe_paper_exact_seed1"
"935f051a2bb8fa64","trmm-opt","support","support","1","50","hmoe_paper_exact_seed1"
"084c86c4ad3639ac","trmm-opt","support","support","1","50","hmoe_paper_exact_seed1"
"79c90b254f6a81cb","trmm-opt","support","support","1","50","hmoe_paper_exact_seed1"
"e8704854c86a857c","trmm-opt","support","support","1","50","hmoe_paper_exact_seed1"
"c5a641a415702654","trmm-opt","support","support","1","50","hmoe_paper_exact_seed1"
"8566ffa0d50d6e7f","trmm-opt","support","support","1","50","hmoe_paper_exact_seed1"
"4fed56ed046aca2f","trmm-opt","support","support","1","50","hmoe_paper_exact_seed1"
"074212ad079c0aac","trmm-opt","support","support","1","50","hmoe_paper_exact_seed1"
"7d8b6b4e1afa7428","trmm-opt","support","support","1","50","hmoe_paper_exact_seed1"
"56b873dc6e449cf7","trmm-opt","support","support","1","50","hmoe_paper_exact_seed1"
"f7a465d16bffa9ba","trmm-opt","support","support","1","50","hmoe_paper_exact_seed1"
"bcd63bbfbc19eef7","trmm-opt","support","support","1","50","hmoe_paper_exact_seed1"
"1747dfcaa081a2a5","trmm-opt","support","support","1","50","hmoe_paper_exact_seed1"
"9554926e4c2b5677","trmm-opt","support","support","1","50","hmoe_paper_exact_seed1"
"012450940dcf011f","trmm-opt","support","support","1","50","hmoe_paper_exact_seed1"
"6c63a264071adcb0","trmm-opt","support","support","1","50","hmoe_paper_exact_seed1"
"f40ab226ef938ff6","trmm-opt","support","support","1","50","hmoe_paper_exact_seed1"
"98a61e0d484cdec1","trmm-opt","support","support","1","50","hmoe_paper_exact_seed1"
"236b6e7ccd6fd621","trmm-opt","support","support","1","50","hmoe_paper_exact_seed1"
"861efb7dcdb6536c","trmm-opt","support","support","1","50","hmoe_paper_exact_seed1"
"dc2e457eccce1550","trmm-opt","support","support","1","50","hmoe_paper_exact_seed1"
"4e627ce0f3961f96","trmm-opt","support","support","1","50","hmoe_paper_exact_seed1"
"f8679f7ce3046dcc","trmm-opt","support","support","1","50","hmoe_paper_exact_seed1"
"1a7e0a8e6ee306d4","trmm-opt","support","support","1","50","hmoe_paper_exact_seed1"
"a77626f013493590","trmm-opt","support","support","1","50","hmoe_paper_exact_seed1"
"32c04c480aaeaca8","trmm-opt","support","support","1","50","hmoe_paper_exact_seed1"
"0d84e7faa73503ba","trmm-opt","support","support","1","50","hmoe_paper_exact_seed1"
"c7e892bf04674ff8","trmm-opt","support","support","1","50","hmoe_paper_exact_seed1"
"fc3ebd766d4cb70f","trmm-opt","support","support","1","50","hmoe_paper_exact_seed1"
"fea06b686af69e52","trmm-opt","support","support","1","50","hmoe_paper_exact_seed1"
"0a794b6a50ac753a","trmm-opt","support","support","1","50","hmoe_paper_exact_seed1"
"6e0a0a1e679ea7de","trmm-opt","support","support","1","50","hmoe_paper_exact_seed1"
"bbb1ef8016aae2eb","fdtd-2d-large","support","support","1","50","hmoe_paper_exact_seed1"
"10e42364ec89ca1c","fdtd-2d-large","support","support","1","50","hmoe_paper_exact_seed1"
"b5bf249116119d74","fdtd-2d-large","support","support","1","50","hmoe_paper_exact_seed1"
"83bbe692e3ff9ba5","fdtd-2d-large","support","support","1","50","hmoe_paper_exact_seed1"
"af4e468b828ee9a8","fdtd-2d-large","support","support","1","50","hmoe_paper_exact_seed1"
"be03f71def4c9e25","fdtd-2d-large","support","support","1","50","hmoe_paper_exact_seed1"
"4fcdf621f3a5c105","fdtd-2d-large","support","support","1","50","hmoe_paper_exact_seed1"
"bc4602e977af8b26","fdtd-2d-large","support","support","1","50","hmoe_paper_exact_seed1"
"cf7c067d0fbb4854","fdtd-2d-large","support","support","1","50","hmoe_paper_exact_seed1"
"579c589ac96baf74","fdtd-2d-large","support","support","1","50","hmoe_paper_exact_seed1"
"9a6aced3fd7b1448","fdtd-2d-large","support","support","1","50","hmoe_paper_exact_seed1"
"c616551aea0c126b","fdtd-2d-large","support","support","1","50","hmoe_paper_exact_seed1"
"e14679c4f0fbd6e1","fdtd-2d-large","support","support","1","50","hmoe_paper_exact_seed1"
"db36652a9e4edb30","fdtd-2d-large","support","support","1","50","hmoe_paper_exact_seed1"
"3f2d6549036402e4","fdtd-2d-large","support","support","1","50","hmoe_paper_exact_seed1"
"f3c08aa40f851184","fdtd-2d-large","support","support","1","50","hmoe_paper_exact_seed1"
"95fed5f4e0e880e6","fdtd-2d-large","support","support","1","50","hmoe_paper_exact_seed1"
"f7baeb54ddf38624","fdtd-2d-large","support","support","1","50","hmoe_paper_exact_seed1"
"d23892fd2b55d3ef","fdtd-2d-large","support","support","1","50","hmoe_paper_exact_seed1"
"06a8d921a1e4ef67","fdtd-2d-large","support","support","1","50","hmoe_paper_exact_seed1"
"6588cb1dc715e087","fdtd-2d-large","support","support","1","50","hmoe_paper_exact_seed1"
"a3d96d210251a1eb","fdtd-2d-large","support","support","1","50","hmoe_paper_exact_seed1"
"5149f70100e19a16","fdtd-2d-large","support","support","1","50","hmoe_paper_exact_seed1"
"49d3b2ff7557b80f","fdtd-2d-large","support","support","1","50","hmoe_paper_exact_seed1"
"34c89322b1f144a2","fdtd-2d-large","support","support","1","50","hmoe_paper_exact_seed1"
"7432155d2bb5f2e8","fdtd-2d-large","support","support","1","50","hmoe_paper_exact_seed1"
"82d095c8462d8493","fdtd-2d-large","support","support","1","50","hmoe_paper_exact_seed1"
"dbad873225c851dd","fdtd-2d-large","support","support","1","50","hmoe_paper_exact_seed1"
"c4db0bc785b1f9c0","fdtd-2d-large","support","support","1","50","hmoe_paper_exact_seed1"
"b1afb664d479fe57","fdtd-2d-large","support","support","1","50","hmoe_paper_exact_seed1"
"c8db8810a46a8e19","fdtd-2d-large","support","support","1","50","hmoe_paper_exact_seed1"
"bdbae9041b29082c","fdtd-2d-large","support","support","1","50","hmoe_paper_exact_seed1"
"3f5ea7e68e67e5cd","fdtd-2d-large","support","support","1","50","hmoe_paper_exact_seed1"
"3fa8d53f1cfce133","fdtd-2d-large","support","support","1","50","hmoe_paper_exact_seed1"
"d947fcdddd5d3105","fdtd-2d-large","support","support","1","50","hmoe_paper_exact_seed1"
"f62329b9b17e53a9","fdtd-2d-large","support","support","1","50","hmoe_paper_exact_seed1"
"21ddeacbed4ecd3e","fdtd-2d-large","support","support","1","50","hmoe_paper_exact_seed1"
"8728243f8d7bee49","fdtd-2d-large","support","support","1","50","hmoe_paper_exact_seed1"
"a2c74860cca36a85","fdtd-2d-large","support","support","1","50","hmoe_paper_exact_seed1"
"0df2afff91484b47","fdtd-2d-large","support","support","1","50","hmoe_paper_exact_seed1"
"36342450c0a28278","fdtd-2d-large","support","support","1","50","hmoe_paper_exact_seed1"
"10620be89d6dbdf5","fdtd-2d-large","support","support","1","50","hmoe_paper_exact_seed1"
"941a2a1cc8b8d547","fdtd-2d-large","support","support","1","50","hmoe_paper_exact_seed1"
"8a8b760d8ccd8d93","fdtd-2d-large","support","support","1","50","hmoe_paper_exact_seed1"
"218cd76217be5500","fdtd-2d-large","support","support","1","50","hmoe_paper_exact_seed1"
"dc323f103342f114","fdtd-2d-large","support","support","1","50","hmoe_paper_exact_seed1"
"ff30947700fe15ed","fdtd-2d-large","support","support","1","50","hmoe_paper_exact_seed1"
"0c8d6a2e9cb99585","fdtd-2d-large","support","support","1","50","hmoe_paper_exact_seed1"
"224f94460b242ec7","fdtd-2d-large","support","support","1","50","hmoe_paper_exact_seed1"
"36990602b2941261","fdtd-2d-large","support","support","1","50","hmoe_paper_exact_seed1"
"3e62e93928fad10e","syr2k","query","query","1","50","hmoe_paper_exact_seed1"
"bf91275b7e47bb6e","syr2k","query","query","1","50","hmoe_paper_exact_seed1"
"504cc116f687b53b","syr2k","query","query","1","50","hmoe_paper_exact_seed1"
"cc45c47936d4a678","syr2k","query","query","1","50","hmoe_paper_exact_seed1"
"7424659393922e35","syr2k","query","query","1","50","hmoe_paper_exact_seed1"
"b2583f4d8e1d72d3","syr2k","query","query","1","50","hmoe_paper_exact_seed1"
"006edf919afcac3e","syr2k","query","query","1","50","hmoe_paper_exact_seed1"
"555a887ab9d454ef","syr2k","query","query","1","50","hmoe_paper_exact_seed1"
"5499c8364cd4ba73","syr2k","query","query","1","50","hmoe_paper_exact_seed1"
"f96e059b20685c7d","syr2k","query","query","1","50","hmoe_paper_exact_seed1"
"47f6594af7e229e8","syr2k","query","query","1","50","hmoe_paper_exact_seed1"
"ac15cc16356e3d5e","syr2k","query","query","1","50","hmoe_paper_exact_seed1"
"1584d7550bc70b91","syr2k","query","query","1","50","hmoe_paper_exact_seed1"
"76568d6ea0ffdca1","syr2k","query","query","1","50","hmoe_paper_exact_seed1"
"dcf12e0495e8bad7","syr2k","query","query","1","50","hmoe_paper_exact_seed1"
"cd513ad6e06bbf90","syr2k","query","query","1","50","hmoe_paper_exact_seed1"
"e091829cd7eccb45","syr2k","query","query","1","50","hmoe_paper_exact_seed1"
"09322ccf332b047c","syr2k","query","query","1","50","hmoe_paper_exact_seed1"
"2434d5d349eb92bb","syr2k","query","query","1","50","hmoe_paper_exact_seed1"
"473a8504bbc3f8c3","syr2k","query","query","1","50","hmoe_paper_exact_seed1"
"386d0232d7b527fa","syr2k","query","query","1","50","hmoe_paper_exact_seed1"
"67905abe3e20c24a","syr2k","query","query","1","50","hmoe_paper_exact_seed1"
"5be48de24ad76cd8","syr2k","query","query","1","50","hmoe_paper_exact_seed1"
"a600ded91a048da1","syr2k","query","query","1","50","hmoe_paper_exact_seed1"
"d91bf35255f0a557","syr2k","query","query","1","50","hmoe_paper_exact_seed1"
"82a8e31501b69b34","syr2k","query","query","1","50","hmoe_paper_exact_seed1"
"de76b51eb645d686","syr2k","query","query","1","50","hmoe_paper_exact_seed1"
"50737a58f7e3c088","syr2k","query","query","1","50","hmoe_paper_exact_seed1"
"eed285261932cba5","syr2k","query","query","1","50","hmoe_paper_exact_seed1"
"b387369a0d58d4d0","syr2k","query","query","1","50","hmoe_paper_exact_seed1"
"4187821acffb4d42","syr2k","query","query","1","50","hmoe_paper_exact_seed1"
"1d962536b4a8fa69","syr2k","query","query","1","50","hmoe_paper_exact_seed1"
"046d7b1dc63a8aa9","syr2k","query","query","1","50","hmoe_paper_exact_seed1"
"8983256af8020ec5","syr2k","query","query","1","50","hmoe_paper_exact_seed1"
"3c68f4e92bb140ff","syr2k","query","query","1","50","hmoe_paper_exact_seed1"
"a3af9f64623a88cb","syr2k","query","query","1","50","hmoe_paper_exact_seed1"
"c9c69a637b68506d","syr2k","query","query","1","50","hmoe_paper_exact_seed1"
"e9d3815682c668ff","syr2k","query","query","1","50","hmoe_paper_exact_seed1"
"357b49644113aa28","syr2k","query","query","1","50","hmoe_paper_exact_seed1"
"396f10a14a6777c8","syr2k","query","query","1","50","hmoe_paper_exact_seed1"
"836ae386a69d9da6","syr2k","query","query","1","50","hmoe_paper_exact_seed1"
"31ba9a7783da0f4c","syr2k","query","query","1","50","hmoe_paper_exact_seed1"
"935321614f5dddf4","syr2k","query","query","1","50","hmoe_paper_exact_seed1"
"f7a56b547326dc31","syr2k","query","query","1","50","hmoe_paper_exact_seed1"
"507f7ddbd39e4095","syr2k","query","query","1","50","hmoe_paper_exact_seed1"
"6b4151c6c70b25a0","syr2k","query","query","1","50","hmoe_paper_exact_seed1"
"9f70d0ad1d97d21d","syr2k","query","query","1","50","hmoe_paper_exact_seed1"
"e566095625c0d782","syr2k","query","query","1","50","hmoe_paper_exact_seed1"
"cae64cd969998749","syr2k","query","query","1","50","hmoe_paper_exact_seed1"
"bc4bbd8ca4e44e5f","syr2k","query","query","1","50","hmoe_paper_exact_seed1"
"c6307a47e48e34a0","syr2k","query","query","1","50","hmoe_paper_exact_seed1"
"8c2a257a28918f1e","syr2k","query","query","1","50","hmoe_paper_exact_seed1"
"b329f305a8434e8c","syr2k","query","query","1","50","hmoe_paper_exact_seed1"
"4413408007bce9e8","syr2k","query","query","1","50","hmoe_paper_exact_seed1"
"4a8b2e7dc78b4696","syr2k","query","query","1","50","hmoe_paper_exact_seed1"
"0e9c5c17a8a6820d","syr2k","query","query","1","50","hmoe_paper_exact_seed1"
"660ddb3a800764d7","syr2k","query","query","1","50","hmoe_paper_exact_seed1"
"3caf27e8d55488b0","syr2k","query","query","1","50","hmoe_paper_exact_seed1"
"b8566d786e85b374","syr2k","query","query","1","50","hmoe_paper_exact_seed1"
"65b53beab87fef44","syr2k","query","query","1","50","hmoe_paper_exact_seed1"
"9aa40f9b87b12852","syr2k","query","query","1","50","hmoe_paper_exact_seed1"
"cd8a78b9897e5f03","syr2k","query","query","1","50","hmoe_paper_exact_seed1"
"792cacac89ae136d","syr2k","query","query","1","50","hmoe_paper_exact_seed1"
"f1118dea1846074b","syr2k","query","query","1","50","hmoe_paper_exact_seed1"
"c9e913bf3484f2bf","syr2k","query","query","1","50","hmoe_paper_exact_seed1"
"43cce9689f44f3f0","syr2k","query","query","1","50","hmoe_paper_exact_seed1"
"7553f1551527eb75","syr2k","query","query","1","50","hmoe_paper_exact_seed1"
"d852e2c5f079503a","syr2k","query","query","1","50","hmoe_paper_exact_seed1"
"887d3a42caec739c","syr2k","query","query","1","50","hmoe_paper_exact_seed1"
"cff2f356c25a7da3","syr2k","query","query","1","50","hmoe_paper_exact_seed1"
"bf6fe22800bedaed","syr2k","query","query","1","50","hmoe_paper_exact_seed1"
"2bd3a5f7e7748f97","gemm-p","query","query","1","50","hmoe_paper_exact_seed1"
"a6dc35a49236c7ab","gemm-p","query","query","1","50","hmoe_paper_exact_seed1"
"c0d84603c29fbddb","gemm-p","query","query","1","50","hmoe_paper_exact_seed1"
"283880c8c447ea1d","gemm-p","query","query","1","50","hmoe_paper_exact_seed1"
"1932fcf0a6ce1ae3","gemm-p","query","query","1","50","hmoe_paper_exact_seed1"
"3fb37e8bcd254b40","gemm-p","query","query","1","50","hmoe_paper_exact_seed1"
"73c8706bbbfe9935","gemm-p","query","query","1","50","hmoe_paper_exact_seed1"
"a627781fe1dd51f7","gemm-p","query","query","1","50","hmoe_paper_exact_seed1"
"db7da4b4c353bdb1","gemm-p","query","query","1","50","hmoe_paper_exact_seed1"
"dbb2984793e35e88","gemm-p","query","query","1","50","hmoe_paper_exact_seed1"
"ad87ec7f414fbe82","gemm-p","query","query","1","50","hmoe_paper_exact_seed1"
"d29de04a627b59bc","gemm-p","query","query","1","50","hmoe_paper_exact_seed1"
"d346d5b7f78331b0","gemm-p","query","query","1","50","hmoe_paper_exact_seed1"
"5f38764ae95b8318","gemm-p","query","query","1","50","hmoe_paper_exact_seed1"
"062cf9172432596b","gemm-p","query","query","1","50","hmoe_paper_exact_seed1"
"0cc2af7e268e2d52","gemm-p","query","query","1","50","hmoe_paper_exact_seed1"
"07bad97c4d4ae0a5","gemm-p","query","query","1","50","hmoe_paper_exact_seed1"
"8d6ea6f968b8250b","gemm-p","query","query","1","50","hmoe_paper_exact_seed1"
"4ffdfc36bd864ed0","gemm-p","query","query","1","50","hmoe_paper_exact_seed1"
"fb1114b6b71fa02e","gemm-p","query","query","1","50","hmoe_paper_exact_seed1"
"0c1a4d5cf2e95213","gemm-p","query","query","1","50","hmoe_paper_exact_seed1"
"8ba7f8ad18fb5a3e","gemm-p","query","query","1","50","hmoe_paper_exact_seed1"
"e566ce1ddeb8d42a","gemm-p","query","query","1","50","hmoe_paper_exact_seed1"
"e38805de48eb664e","gemm-p","query","query","1","50","hmoe_paper_exact_seed1"
"ff4b5bf3f5fd1c66","gemm-p","query","query","1","50","hmoe_paper_exact_seed1"
"b3b01272ccc963fe","gemm-p","query","query","1","50","hmoe_paper_exact_seed1"
"dfe2011b7ad3bc7c","gemm-p","query","query","1","50","hmoe_paper_exact_seed1"
"4675658dc113ab33","gemm-p","query","query","1","50","hmoe_paper_exact_seed1"
"eb5b77491060db4d","gemm-p","query","query","1","50","hmoe_paper_exact_seed1"
"a3f47dd603d44fac","gemm-p","query","query","1","50","hmoe_paper_exact_seed1"
"998f552ce8cd3b0b","gemm-p","query","query","1","50","hmoe_paper_exact_seed1"
"f3c64444640a0076","gemm-p","query","query","1","50","hmoe_paper_exact_seed1"
"e18fbf36085b53ef","gemm-p","query","query","1","50","hmoe_paper_exact_seed1"
"4e1d0fbfc97b1b44","gemm-p","query","query","1","50","hmoe_paper_exact_seed1"
"af9650a8856f962e","gemm-p","query","query","1","50","hmoe_paper_exact_seed1"
"3aae16898050d862","gemm-p","query","query","1","50","hmoe_paper_exact_seed1"
"8549252cb5d872bf","gemm-p","query","query","1","50","hmoe_paper_exact_seed1"
"6906df091d6d080c","gemm-p","query","query","1","50","hmoe_paper_exact_seed1"
"92aa6f350cc3d58e","gemm-p","query","query","1","50","hmoe_paper_exact_seed1"
"396e05dbe851e2f4","gemm-p","query","query","1","50","hmoe_paper_exact_seed1"
"2f9f4901901789d3","gemm-p","query","query","1","50","hmoe_paper_exact_seed1"
"0b03d5f530abb853","gemm-p","query","query","1","50","hmoe_paper_exact_seed1"
"64699350cabf9f9b","gemm-p","query","query","1","50","hmoe_paper_exact_seed1"
"f3d5aea3a08304a4","gemm-p","query","query","1","50","hmoe_paper_exact_seed1"
"76de7e5ea6add072","gemm-p","query","query","1","50","hmoe_paper_exact_seed1"
"a2e2a27a1e612c66","gemm-p","query","query","1","50","hmoe_paper_exact_seed1"
"53e5acb3022b9736","gemm-p","query","query","1","50","hmoe_paper_exact_seed1"
"a1f84ba90c06f0c0","gemm-p","query","query","1","50","hmoe_paper_exact_seed1"
"707056a975a8db31","gemm-p","query","query","1","50","hmoe_paper_exact_seed1"
"af015ab4f15ef7af","gemm-p","query","query","1","50","hmoe_paper_exact_seed1"
"c4f908e25d12ee3a","gemm-p","query","query","1","50","hmoe_paper_exact_seed1"
"05c7235b9f5af54f","gemm-p","query","query","1","50","hmoe_paper_exact_seed1"
"ac3cd52a03c5e995","gemm-p","query","query","1","50","hmoe_paper_exact_seed1"
"2124445063c91060","gemm-p","query","query","1","50","hmoe_paper_exact_seed1"
"17306fd64712dda9","gemm-p","query","query","1","50","hmoe_paper_exact_seed1"
"25479773fe5d3dd0","gemm-p","query","query","1","50","hmoe_paper_exact_seed1"
"478e73a6a5922a99","gemm-p","query","query","1","50","hmoe_paper_exact_seed1"
"4cb8540298f01fe7","gemm-p","query","query","1","50","hmoe_paper_exact_seed1"
"f61c333ba135e89b","gemm-p","query","query","1","50","hmoe_paper_exact_seed1"
"0b193c22526f7267","gemm-p","query","query","1","50","hmoe_paper_exact_seed1"
"98ea5a80877f836a","gemm-p","query","query","1","50","hmoe_paper_exact_seed1"
"0d68a0f6765ebd93","gemm-p","query","query","1","50","hmoe_paper_exact_seed1"
"2b251a0cc9266ecf","gemm-p","query","query","1","50","hmoe_paper_exact_seed1"
"cd69b23a624a35b1","gemm-p","query","query","1","50","hmoe_paper_exact_seed1"
"9dac01514ca28d78","gemm-p","query","query","1","50","hmoe_paper_exact_seed1"
"ec749d53357fb316","gemm-p","query","query","1","50","hmoe_paper_exact_seed1"
"460c2d93e3d2665f","gemm-p","query","query","1","50","hmoe_paper_exact_seed1"
"c4635dea60b4abc3","gemm-p","query","query","1","50","hmoe_paper_exact_seed1"
"1e3f23d111e1c4c2","gemm-p","query","query","1","50","hmoe_paper_exact_seed1"
"0316df0ba1e1469b","gemm-p","query","query","1","50","hmoe_paper_exact_seed1"
"f90613c81f2f84b3","gemm-p","query","query","1","50","hmoe_paper_exact_seed1"
"f89c7dc4eb22e0f6","gemm-p","query","query","1","50","hmoe_paper_exact_seed1"
"5c03e66d33359257","gemm-p","query","query","1","50","hmoe_paper_exact_seed1"
"62f84aa14a8a3b41","gemm-p","query","query","1","50","hmoe_paper_exact_seed1"
"6e5c2cdd9eaec4b2","gemm-p","query","query","1","50","hmoe_paper_exact_seed1"
"9d9b7c90d1bd716b","gemm-p","query","query","1","50","hmoe_paper_exact_seed1"
"91bd08a09160f90f","gemm-p","query","query","1","50","hmoe_paper_exact_seed1"
"32cf6e43afec35ad","gemm-p","query","query","1","50","hmoe_paper_exact_seed1"
"6a48c75fc069f0a2","gemm-p","query","query","1","50","hmoe_paper_exact_seed1"
"a63bb764dd0bd35e","gemm-p","query","query","1","50","hmoe_paper_exact_seed1"
"084cdd7b355296ae","gemm-p","query","query","1","50","hmoe_paper_exact_seed1"
"be42e71723eea70a","gemm-p","query","query","1","50","hmoe_paper_exact_seed1"
"865271fa8abdf68a","gemm-p","query","query","1","50","hmoe_paper_exact_seed1"
"42a6116f70ad755b","gemm-p","query","query","1","50","hmoe_paper_exact_seed1"
"ad665098768e16a0","gemm-p","query","query","1","50","hmoe_paper_exact_seed1"
"bad7ae6c318a94cc","gemm-p","query","query","1","50","hmoe_paper_exact_seed1"
"7da5b26798a7f840","gemm-p","query","query","1","50","hmoe_paper_exact_seed1"
"ab4496d8f92da597","gemm-p","query","query","1","50","hmoe_paper_exact_seed1"
"c9538e7fb963f114","gemm-p","query","query","1","50","hmoe_paper_exact_seed1"
"fe18dfcc30bb1c89","gemm-p","query","query","1","50","hmoe_paper_exact_seed1"
"d3c00616b2de9217","gemm-p","query","query","1","50","hmoe_paper_exact_seed1"
"fd12076d9b88cbf5","gemm-p","query","query","1","50","hmoe_paper_exact_seed1"
"d4240070e73cc342","gemm-p","query","query","1","50","hmoe_paper_exact_seed1"
"08c0db4b86809ca1","gemm-p","query","query","1","50","hmoe_paper_exact_seed1"
"65905651ddefa93d","gemm-p","query","query","1","50","hmoe_paper_exact_seed1"
"cdd16cdf46ebaa63","gemm-p","query","query","1","50","hmoe_paper_exact_seed1"
"0a84efe097d11970","gemm-p","query","query","1","50","hmoe_paper_exact_seed1"
"5d52c78053e9c970","gemm-p","query","query","1","50","hmoe_paper_exact_seed1"
"e5ad409c498d9dac","gemm-p","query","query","1","50","hmoe_paper_exact_seed1"
"6a4d5dd88f9cbbc8","gemm-p","query","query","1","50","hmoe_paper_exact_seed1"
"42e8b67f759345f2","gemm-p","query","query","1","50","hmoe_paper_exact_seed1"
"5277a20e45320929","gemm-p","query","query","1","50","hmoe_paper_exact_seed1"
"4906c8bd40b87d68","gemm-p","query","query","1","50","hmoe_paper_exact_seed1"
"64393da3a136d7fa","gemm-p","query","query","1","50","hmoe_paper_exact_seed1"
"e25bd84c9a0fa396","gemm-p","query","query","1","50","hmoe_paper_exact_seed1"
"b20d2bda20f4a7a3","gemm-p","query","query","1","50","hmoe_paper_exact_seed1"
"75d6d53935daab05","gemm-p","query","query","1","50","hmoe_paper_exact_seed1"
"af6cac7f028324ae","gemm-p","query","query","1","50","hmoe_paper_exact_seed1"
"15ff7e63dbf2b0f2","gemm-p","query","query","1","50","hmoe_paper_exact_seed1"
"3f9968a3c39898d5","gemm-p","query","query","1","50","hmoe_paper_exact_seed1"
"076e9cc6b7221822","gemm-p","query","query","1","50","hmoe_paper_exact_seed1"
"b4f843d9b6dad29f","gemm-p","query","query","1","50","hmoe_paper_exact_seed1"
"e6fc07ef29cf871c","gemm-p","query","query","1","50","hmoe_paper_exact_seed1"
"2d6b4dc1bf7b484f","gemm-p","query","query","1","50","hmoe_paper_exact_seed1"
"638eade1c299f75a","gemm-p","query","query","1","50","hmoe_paper_exact_seed1"
"6974af566d331d1d","gemm-p","query","query","1","50","hmoe_paper_exact_seed1"
"4567c48bf3971940","gemm-p","query","query","1","50","hmoe_paper_exact_seed1"
"9388d9bcc8c3974d","gemm-p","query","query","1","50","hmoe_paper_exact_seed1"
"2a2487306f73b128","gemm-p","query","query","1","50","hmoe_paper_exact_seed1"
"0a16eeda82a64909","gemm-p","query","query","1","50","hmoe_paper_exact_seed1"
"6ab4a7f5f4fc966d","gemm-p","query","query","1","50","hmoe_paper_exact_seed1"
"82da06d1f16f28a6","gemm-p","query","query","1","50","hmoe_paper_exact_seed1"
"ca65b2dddf05a722","gemm-p","query","query","1","50","hmoe_paper_exact_seed1"
"4f074dc2b0bf150a","gemm-p","query","query","1","50","hmoe_paper_exact_seed1"
"a7caa4bbaf5392a3","gemm-p","query","query","1","50","hmoe_paper_exact_seed1"
"348e20daf4443275","gemm-p","query","query","1","50","hmoe_paper_exact_seed1"
"ef36d8bab41db1c1","gemm-p","query","query","1","50","hmoe_paper_exact_seed1"
"2ccc724e5fad3084","gemm-p","query","query","1","50","hmoe_paper_exact_seed1"
"a041a0b04cb7eb40","gemm-p","query","query","1","50","hmoe_paper_exact_seed1"
"8c261c5ac5cee4ce","gemm-p","query","query","1","50","hmoe_paper_exact_seed1"
"0b9da6616fcec98b","gemm-p","query","query","1","50","hmoe_paper_exact_seed1"
"cd3cdb259f07b3fb","gemm-p","query","query","1","50","hmoe_paper_exact_seed1"
"0742731e2639c567","gemm-p","query","query","1","50","hmoe_paper_exact_seed1"
"7d58e379a85d0088","gemm-p","query","query","1","50","hmoe_paper_exact_seed1"
"bd8a558d1e7455ea","gemm-p","query","query","1","50","hmoe_paper_exact_seed1"
"dfa5e5c5212bb1b3","gemm-p","query","query","1","50","hmoe_paper_exact_seed1"
"8bd570148980646e","gemm-p","query","query","1","50","hmoe_paper_exact_seed1"
"eb5fb655dff9860c","gemm-p","query","query","1","50","hmoe_paper_exact_seed1"
"8d04f549a37ccd8a","gemm-p","query","query","1","50","hmoe_paper_exact_seed1"
"97792d362ea2c725","gemm-p","query","query","1","50","hmoe_paper_exact_seed1"
"7b5fc2286f9afd37","gemm-p","query","query","1","50","hmoe_paper_exact_seed1"
"cd440d67465780f9","gemm-p","query","query","1","50","hmoe_paper_exact_seed1"
"4a8b56c2f22188e4","gemm-p","query","query","1","50","hmoe_paper_exact_seed1"
"dfccf34a168c3e6b","gemm-p","query","query","1","50","hmoe_paper_exact_seed1"
"43df7890892e68db","gemm-p","query","query","1","50","hmoe_paper_exact_seed1"
"e618f61f3a37ff20","gemm-p","query","query","1","50","hmoe_paper_exact_seed1"
"4e891536858769de","gemm-p","query","query","1","50","hmoe_paper_exact_seed1"
"4a373a54a47fffb5","gemm-p","query","query","1","50","hmoe_paper_exact_seed1"
"258ea66de43bc217","gemm-p","query","query","1","50","hmoe_paper_exact_seed1"
"c61aaebe669746f1","gemm-p","query","query","1","50","hmoe_paper_exact_seed1"
"f8bdf0220b8efd35","gemm-p","query","query","1","50","hmoe_paper_exact_seed1"
"cec2e42ec306f7c8","gemm-p","query","query","1","50","hmoe_paper_exact_seed1"
"eadd78260c36578d","gemm-p","query","query","1","50","hmoe_paper_exact_seed1"
"9ef04f98e2e62988","gemm-p","query","query","1","50","hmoe_paper_exact_seed1"
"a1a4d0cbb87cf338","gemm-p","query","query","1","50","hmoe_paper_exact_seed1"
"648a53c110f97b95","gemm-p","query","query","1","50","hmoe_paper_exact_seed1"
"ee665070b18c5d32","gemm-p","query","query","1","50","hmoe_paper_exact_seed1"
"3c323e9746495040","gemm-p","query","query","1","50","hmoe_paper_exact_seed1"
"2410d6d0636ec1ab","gemm-p","query","query","1","50","hmoe_paper_exact_seed1"
"152f0fa02f6e91e4","gemm-p","query","query","1","50","hmoe_paper_exact_seed1"
"4730d0e52ba378ec","gemm-p","query","query","1","50","hmoe_paper_exact_seed1"
"ea3874af8c10f66f","gemm-p","query","query","1","50","hmoe_paper_exact_seed1"
"7e01946735babf1e","gemm-p","query","query","1","50","hmoe_paper_exact_seed1"
"685dc85ed3de4aaf","gemm-p","query","query","1","50","hmoe_paper_exact_seed1"
"8951b788629b4d4d","gemm-p","query","query","1","50","hmoe_paper_exact_seed1"
"ee521b66d72488d4","gemm-p","query","query","1","50","hmoe_paper_exact_seed1"
"062dbc9eb2b08f44","gemm-p","query","query","1","50","hmoe_paper_exact_seed1"
"8d89ea0af5f78527","gemm-p","query","query","1","50","hmoe_paper_exact_seed1"
"5256d90470dcb20f","gemm-p","query","query","1","50","hmoe_paper_exact_seed1"
"280681d79bcd3457","gemm-p","query","query","1","50","hmoe_paper_exact_seed1"
"c8a42aba9d1cfc2f","gemm-p","query","query","1","50","hmoe_paper_exact_seed1"
"f58d119853628e07","gemm-p","query","query","1","50","hmoe_paper_exact_seed1"
"8fe44ff51cb16406","gemm-p","query","query","1","50","hmoe_paper_exact_seed1"
"f65d3ed34dd10709","gemm-p","query","query","1","50","hmoe_paper_exact_seed1"
"04ec9beb6b3bb0c6","gemm-p","query","query","1","50","hmoe_paper_exact_seed1"
"42bdc08a061d094f","gemm-p","query","query","1","50","hmoe_paper_exact_seed1"
"0ba8ad78eb2466e5","gemm-p","query","query","1","50","hmoe_paper_exact_seed1"
"2f852363af8edda9","gemm-p","query","query","1","50","hmoe_paper_exact_seed1"
"d89ed08ba5c4e9d0","gemm-p","query","query","1","50","hmoe_paper_exact_seed1"
"c54c0bb4e3c4346a","gemm-p","query","query","1","50","hmoe_paper_exact_seed1"
"0ba4ea1b6ce7461f","gemm-p","query","query","1","50","hmoe_paper_exact_seed1"
"91f52fdd15496b79","gemm-p","query","query","1","50","hmoe_paper_exact_seed1"
"ef1ceb40a4d651b2","gemm-p","query","query","1","50","hmoe_paper_exact_seed1"
"586d7c94f444b430","gemm-p","query","query","1","50","hmoe_paper_exact_seed1"
"88b1344200c5f7da","gemm-p","query","query","1","50","hmoe_paper_exact_seed1"
"c6eed7436c233fa4","gemm-p","query","query","1","50","hmoe_paper_exact_seed1"
"4dad3dd4a98d07e4","gemm-p","query","query","1","50","hmoe_paper_exact_seed1"
"6542924bdc2c5f94","gemm-p","query","query","1","50","hmoe_paper_exact_seed1"
"6c54beba2b4ed543","gemm-p","query","query","1","50","hmoe_paper_exact_seed1"
"36677464ca0ecb4d","gemm-p","query","query","1","50","hmoe_paper_exact_seed1"
"aed5122bfc869490","gemm-p","query","query","1","50","hmoe_paper_exact_seed1"
"cb44bd110671dfb6","gemm-p","query","query","1","50","hmoe_paper_exact_seed1"
"b338a37394a51052","gemm-p","query","query","1","50","hmoe_paper_exact_seed1"
"b3a849eb5888518c","gemm-p","query","query","1","50","hmoe_paper_exact_seed1"
"26361bf4900c0d7c","gemm-p","query","query","1","50","hmoe_paper_exact_seed1"
"8182068f572e5954","gemm-p","query","query","1","50","hmoe_paper_exact_seed1"
"3e229f230250c38c","gemm-p","query","query","1","50","hmoe_paper_exact_seed1"
"49a327056510f08f","gemm-p","query","query","1","50","hmoe_paper_exact_seed1"
"98d13b347efbf055","gemm-p","query","query","1","50","hmoe_paper_exact_seed1"
"e20f67ba45667e5b","gemm-p","query","query","1","50","hmoe_paper_exact_seed1"
"47d9ab0044cefe1e","gemm-p","query","query","1","50","hmoe_paper_exact_seed1"
"ea241d324c00c8ce","gemm-p","query","query","1","50","hmoe_paper_exact_seed1"
"383353e3b882b145","gemm-p","query","query","1","50","hmoe_paper_exact_seed1"
"41b9a64b48aff69a","gemm-p","query","query","1","50","hmoe_paper_exact_seed1"
"4afcb8c7b0112a4d","gemm-p","query","query","1","50","hmoe_paper_exact_seed1"
"35ed257ed45696a8","gemm-p","query","query","1","50","hmoe_paper_exact_seed1"
"80c803cb5809d836","gemm-p","query","query","1","50","hmoe_paper_exact_seed1"
"3435f90a3a91803f","gemm-p","query","query","1","50","hmoe_paper_exact_seed1"
"1a4493c05bc1e5d5","gemm-p","query","query","1","50","hmoe_paper_exact_seed1"
"21dd70c1b9ddc11f","gemm-p","query","query","1","50","hmoe_paper_exact_seed1"
"7c87dea76316e9b0","gemm-p","query","query","1","50","hmoe_paper_exact_seed1"
"1df20d1da09ff72e","gemm-p","query","query","1","50","hmoe_paper_exact_seed1"
"80bca34061fd0f83","gemm-p","query","query","1","50","hmoe_paper_exact_seed1"
"aaec899982f42ed1","gemm-p","query","query","1","50","hmoe_paper_exact_seed1"
"bc4f55d84a8bf133","gemm-p","query","query","1","50","hmoe_paper_exact_seed1"
"6949ac99510f8963","gemm-p","query","query","1","50","hmoe_paper_exact_seed1"
"bf75c65558b7a94c","gemm-p","query","query","1","50","hmoe_paper_exact_seed1"
"63c35478c8f59ccd","gemm-p","query","query","1","50","hmoe_paper_exact_seed1"
"5cad34425ee55f5b","gemm-p","query","query","1","50","hmoe_paper_exact_seed1"
"7985b77fcba3595d","gemm-p","query","query","1","50","hmoe_paper_exact_seed1"
"23145cd5e1131852","gemm-p","query","query","1","50","hmoe_paper_exact_seed1"
"1ef39353a69dfec5","gemm-p","query","query","1","50","hmoe_paper_exact_seed1"
"1ae875ed2f961dca","gemm-p","query","query","1","50","hmoe_paper_exact_seed1"
"690088eff0fba4fd","gemm-p","query","query","1","50","hmoe_paper_exact_seed1"
"ab19489e81b4ba29","gemm-p","query","query","1","50","hmoe_paper_exact_seed1"
"3abca6a56e6f2142","gemm-p","query","query","1","50","hmoe_paper_exact_seed1"
"539dbea26e2d76bb","gemm-p","query","query","1","50","hmoe_paper_exact_seed1"
"aa11770c6019ddae","gemm-p","query","query","1","50","hmoe_paper_exact_seed1"
"5b1cbec8490c4471","gemm-p","query","query","1","50","hmoe_paper_exact_seed1"
"959efd0cce53df30","gemm-p","query","query","1","50","hmoe_paper_exact_seed1"
"9929154d2a2ca07e","gemm-p","query","query","1","50","hmoe_paper_exact_seed1"
"80c3e447e75f60fb","gemm-p","query","query","1","50","hmoe_paper_exact_seed1"
"d6ceeb99601c9668","gemm-p","query","query","1","50","hmoe_paper_exact_seed1"
"00f04d9d71c381ce","gemm-p","query","query","1","50","hmoe_paper_exact_seed1"
"66b001d5a20855dc","gemm-p","query","query","1","50","hmoe_paper_exact_seed1"
"f2a8c232c2c3f39a","gemm-p","query","query","1","50","hmoe_paper_exact_seed1"
"8d8618b306919b23","gemm-p","query","query","1","50","hmoe_paper_exact_seed1"
"56e56d42fe8949bd","gemm-p","query","query","1","50","hmoe_paper_exact_seed1"
"ce912d6165eea1f8","gemm-p","query","query","1","50","hmoe_paper_exact_seed1"
"5e8aba50d737ff09","gemm-p","query","query","1","50","hmoe_paper_exact_seed1"
"2a002c11e47adc72","gemm-p","query","query","1","50","hmoe_paper_exact_seed1"
"a99f3ca11b317ea1","gemm-p","query","query","1","50","hmoe_paper_exact_seed1"
"b7fd70dbbc81db59","gemm-p","query","query","1","50","hmoe_paper_exact_seed1"
"cf80b0e06ab7b3da","gemm-p","query","query","1","50","hmoe_paper_exact_seed1"
"46580acbb8d130f0","gemm-p","query","query","1","50","hmoe_paper_exact_seed1"
"f2cfc23e7d96a21a","gemm-p","query","query","1","50","hmoe_paper_exact_seed1"
"2290deff8cb38c64","gemm-p","query","query","1","50","hmoe_paper_exact_seed1"
"6eb5dbce3faf0b52","gemm-p","query","query","1","50","hmoe_paper_exact_seed1"
"4a3d6776bd7a2804","gemm-p","query","query","1","50","hmoe_paper_exact_seed1"
"4b09448f98193400","gemm-p","query","query","1","50","hmoe_paper_exact_seed1"
"cc25fb09996cf912","gemm-p","query","query","1","50","hmoe_paper_exact_seed1"
"6608e886ce7e9d0a","gemm-p","query","query","1","50","hmoe_paper_exact_seed1"
"86d80ae4935ea3f4","gemm-p","query","query","1","50","hmoe_paper_exact_seed1"
"dba1b07283a53f11","gemm-p","query","query","1","50","hmoe_paper_exact_seed1"
"08802dfda2f24c58","gemm-p","query","query","1","50","hmoe_paper_exact_seed1"
"016fd66966844ecf","gemm-p","query","query","1","50","hmoe_paper_exact_seed1"
"5da4f0b9ddf1dc15","gemm-p","query","query","1","50","hmoe_paper_exact_seed1"
"392ecd77c14e7fb5","gemm-p","query","query","1","50","hmoe_paper_exact_seed1"
"0603f124845f13e3","gemm-p","query","query","1","50","hmoe_paper_exact_seed1"
"280ae587561178ad","gemm-p","query","query","1","50","hmoe_paper_exact_seed1"
"2e5b78aa62dc3423","gemm-p","query","query","1","50","hmoe_paper_exact_seed1"
"743b937051155488","gemm-p","query","query","1","50","hmoe_paper_exact_seed1"
"62890e23a27ff562","gemm-p","query","query","1","50","hmoe_paper_exact_seed1"
"ee52790391382ef9","gemm-p","query","query","1","50","hmoe_paper_exact_seed1"
"8f2590bc737e2222","gemm-p","query","query","1","50","hmoe_paper_exact_seed1"
"4d458343fcb07dcf","gemm-p","query","query","1","50","hmoe_paper_exact_seed1"
"a7da740e9473f8d8","gemm-p","query","query","1","50","hmoe_paper_exact_seed1"
"52cc73074533db20","gemm-p","query","query","1","50","hmoe_paper_exact_seed1"
"611cf3a0b00df0dd","gemm-p","query","query","1","50","hmoe_paper_exact_seed1"
"983a5a4659353237","gemm-p","query","query","1","50","hmoe_paper_exact_seed1"
"b5eb6d88728a2b5b","gemm-p","query","query","1","50","hmoe_paper_exact_seed1"
"ff6397e9e2d76d85","gemm-p","query","query","1","50","hmoe_paper_exact_seed1"
"c03aaad6566026ef","gemm-p","query","query","1","50","hmoe_paper_exact_seed1"
"acf1639642ef82bf","gemm-p","query","query","1","50","hmoe_paper_exact_seed1"
"a50488c2aafe6541","gemm-p","query","query","1","50","hmoe_paper_exact_seed1"
"f20696703ce2bad2","gemm-p","query","query","1","50","hmoe_paper_exact_seed1"
"7fa62088f5c322db","gemm-p","query","query","1","50","hmoe_paper_exact_seed1"
"f65b37928b1e91ab","gemm-p","query","query","1","50","hmoe_paper_exact_seed1"
"cea38462f341abd7","gemm-p","query","query","1","50","hmoe_paper_exact_seed1"
"a500ff984dfff670","gemm-p","query","query","1","50","hmoe_paper_exact_seed1"
"332dfe5c4fbd6b6a","gemm-p","query","query","1","50","hmoe_paper_exact_seed1"
"a3d4be369c427331","gemm-p","query","query","1","50","hmoe_paper_exact_seed1"
"2ec4102f44654268","gemm-p","query","query","1","50","hmoe_paper_exact_seed1"
"4c42e6320195dd32","gemm-p","query","query","1","50","hmoe_paper_exact_seed1"
"a8d1f1840483035f","gemm-p","query","query","1","50","hmoe_paper_exact_seed1"
"12af4cbbb23a055b","gemm-p","query","query","1","50","hmoe_paper_exact_seed1"
"872b368f13acc874","gemm-p","query","query","1","50","hmoe_paper_exact_seed1"
"aac0800511161706","gemm-p","query","query","1","50","hmoe_paper_exact_seed1"
"3bbf8f2298a825c7","gemm-p","query","query","1","50","hmoe_paper_exact_seed1"
"3f18368258c4b3db","gemm-p","query","query","1","50","hmoe_paper_exact_seed1"
"f155813f1414fb40","gemm-p","query","query","1","50","hmoe_paper_exact_seed1"
"15d5eb53c98795f2","gemm-p","query","query","1","50","hmoe_paper_exact_seed1"
"11afce2ecc6de15c","gemm-p","query","query","1","50","hmoe_paper_exact_seed1"
"c2ee75a2842c4990","gemm-p","query","query","1","50","hmoe_paper_exact_seed1"
"298a63f3c60efac6","gemm-p","query","query","1","50","hmoe_paper_exact_seed1"
"fbc52266ca9a83a7","gemm-p","query","query","1","50","hmoe_paper_exact_seed1"
"2d76745aabbd6108","gemm-p","query","query","1","50","hmoe_paper_exact_seed1"
"6aa4b8ebca535257","gemm-p","query","query","1","50","hmoe_paper_exact_seed1"
"7a4fecb14c6c0c25","jacobi-2d","query","query","1","50","hmoe_paper_exact_seed1"
"346b59020b3c9f7f","jacobi-2d","query","query","1","50","hmoe_paper_exact_seed1"
"23c169e25e719702","jacobi-2d","query","query","1","50","hmoe_paper_exact_seed1"
"142874636a43cf48","jacobi-2d","query","query","1","50","hmoe_paper_exact_seed1"
"4637e626d89ad040","jacobi-2d","query","query","1","50","hmoe_paper_exact_seed1"
"8cbc0be880d00682","jacobi-2d","query","query","1","50","hmoe_paper_exact_seed1"
"c47c75864cb27766","jacobi-2d","query","query","1","50","hmoe_paper_exact_seed1"
"91db491a7d7940c7","jacobi-2d","query","query","1","50","hmoe_paper_exact_seed1"
"27b6de971e060e79","jacobi-2d","query","query","1","50","hmoe_paper_exact_seed1"
"ecca3737fdfbc6d8","jacobi-2d","query","query","1","50","hmoe_paper_exact_seed1"
"6698cf09c23d6af0","jacobi-2d","query","query","1","50","hmoe_paper_exact_seed1"
"8749dd1796e693db","jacobi-2d","query","query","1","50","hmoe_paper_exact_seed1"
"b4fb7d26cdf40a85","jacobi-2d","query","query","1","50","hmoe_paper_exact_seed1"
"95c506e82fde4a62","jacobi-2d","query","query","1","50","hmoe_paper_exact_seed1"
"11d231817135b986","jacobi-2d","query","query","1","50","hmoe_paper_exact_seed1"
"2246a55d9e439b9b","jacobi-2d","query","query","1","50","hmoe_paper_exact_seed1"
"7461e21be625ee2b","jacobi-2d","query","query","1","50","hmoe_paper_exact_seed1"
"119c011acb799ec3","jacobi-2d","query","query","1","50","hmoe_paper_exact_seed1"
"a814f824596df827","jacobi-2d","query","query","1","50","hmoe_paper_exact_seed1"
"c87827784f91dd49","jacobi-2d","query","query","1","50","hmoe_paper_exact_seed1"
"04a4db8dea85f394","jacobi-2d","query","query","1","50","hmoe_paper_exact_seed1"
"4fbac33f3dde480f","jacobi-2d","query","query","1","50","hmoe_paper_exact_seed1"
"c3d4e0296ac15d18","jacobi-2d","query","query","1","50","hmoe_paper_exact_seed1"
"df1b09724bac7aa0","jacobi-2d","query","query","1","50","hmoe_paper_exact_seed1"
"47b0fea63d24ba64","jacobi-2d","query","query","1","50","hmoe_paper_exact_seed1"
"f3de769de7350479","jacobi-2d","query","query","1","50","hmoe_paper_exact_seed1"
"5d9c601f37ae80a4","jacobi-2d","query","query","1","50","hmoe_paper_exact_seed1"
"34b992a5a7a00114","jacobi-2d","query","query","1","50","hmoe_paper_exact_seed1"
"05b2ea2b4f0d2085","jacobi-2d","query","query","1","50","hmoe_paper_exact_seed1"
"d991d616a09c54a1","jacobi-2d","query","query","1","50","hmoe_paper_exact_seed1"
"4d5b93abc2d35ad2","jacobi-2d","query","query","1","50","hmoe_paper_exact_seed1"
"8b485ae83504393c","jacobi-2d","query","query","1","50","hmoe_paper_exact_seed1"
"1cf8cde643f1c8a7","jacobi-2d","query","query","1","50","hmoe_paper_exact_seed1"
"f6397effcdab9349","jacobi-2d","query","query","1","50","hmoe_paper_exact_seed1"
"e87a7efab4cd65b4","jacobi-2d","query","query","1","50","hmoe_paper_exact_seed1"
"13c4afce99887c0b","jacobi-2d","query","query","1","50","hmoe_paper_exact_seed1"
"c125a83a28d530ad","jacobi-2d","query","query","1","50","hmoe_paper_exact_seed1"
"73275156de8b6442","jacobi-2d","query","query","1","50","hmoe_paper_exact_seed1"
"03c941ad860eca80","jacobi-2d","query","query","1","50","hmoe_paper_exact_seed1"
"942f78d1937a87f4","jacobi-2d","query","query","1","50","hmoe_paper_exact_seed1"
"1f77c91f5f9ac5f6","jacobi-2d","query","query","1","50","hmoe_paper_exact_seed1"
"31777265ef1d2415","jacobi-2d","query","query","1","50","hmoe_paper_exact_seed1"
"3824367869de27e7","jacobi-2d","query","query","1","50","hmoe_paper_exact_seed1"
"e863a4aaa1262d76","jacobi-2d","query","query","1","50","hmoe_paper_exact_seed1"
"0e833b40618b10c5","jacobi-2d","query","query","1","50","hmoe_paper_exact_seed1"
"45897464edb110d6","jacobi-2d","query","query","1","50","hmoe_paper_exact_seed1"
"bcd3eb3c77a3cb42","jacobi-2d","query","query","1","50","hmoe_paper_exact_seed1"
"d978b50fb6a3650e","jacobi-2d","query","query","1","50","hmoe_paper_exact_seed1"
"6c1db49cabf996b6","jacobi-2d","query","query","1","50","hmoe_paper_exact_seed1"
"c92cf4366dcc9a12","jacobi-2d","query","query","1","50","hmoe_paper_exact_seed1"
"e05069fa34c4ab8a","jacobi-2d","query","query","1","50","hmoe_paper_exact_seed1"
"d817f4e2fb14ad81","jacobi-2d","query","query","1","50","hmoe_paper_exact_seed1"
"80192a32a4ed746c","jacobi-2d","query","query","1","50","hmoe_paper_exact_seed1"
"76cdc1b4a2ae88da","jacobi-2d","query","query","1","50","hmoe_paper_exact_seed1"
"47ef55f70d990b84","jacobi-2d","query","query","1","50","hmoe_paper_exact_seed1"
"ef0195bb1522a6e1","jacobi-2d","query","query","1","50","hmoe_paper_exact_seed1"
"951f39a82264c2b7","jacobi-2d","query","query","1","50","hmoe_paper_exact_seed1"
"04cce8feb32cd125","jacobi-2d","query","query","1","50","hmoe_paper_exact_seed1"
"444859d6f64b30f7","jacobi-2d","query","query","1","50","hmoe_paper_exact_seed1"
"da6efcc3e335e1ca","jacobi-2d","query","query","1","50","hmoe_paper_exact_seed1"
"fd3c61ae7f95e064","jacobi-2d","query","query","1","50","hmoe_paper_exact_seed1"
"4e773eb3b1e972f0","jacobi-2d","query","query","1","50","hmoe_paper_exact_seed1"
"bc50b6c7e737f423","jacobi-2d","query","query","1","50","hmoe_paper_exact_seed1"
"471502d68fa5fd23","jacobi-2d","query","query","1","50","hmoe_paper_exact_seed1"
"1d7d326acbf5d1ae","jacobi-2d","query","query","1","50","hmoe_paper_exact_seed1"
"d8f1f816319d76f6","jacobi-2d","query","query","1","50","hmoe_paper_exact_seed1"
"c9ac54eac1913a6b","jacobi-2d","query","query","1","50","hmoe_paper_exact_seed1"
"5f0886c92e87a8b7","jacobi-2d","query","query","1","50","hmoe_paper_exact_seed1"
"fe2717bb9b5a622a","jacobi-2d","query","query","1","50","hmoe_paper_exact_seed1"
"18fe812f93b4d9a9","jacobi-2d","query","query","1","50","hmoe_paper_exact_seed1"
"6c039b964f03d1ec","jacobi-2d","query","query","1","50","hmoe_paper_exact_seed1"
"10d212e2c1a97c6f","jacobi-2d","query","query","1","50","hmoe_paper_exact_seed1"
"29f20a46aed046a9","jacobi-2d","query","query","1","50","hmoe_paper_exact_seed1"
"bbbfb2590c70a1f0","jacobi-2d","query","query","1","50","hmoe_paper_exact_seed1"
"c3442a8001fa4417","jacobi-2d","query","query","1","50","hmoe_paper_exact_seed1"
"c5fee3c012b75f16","jacobi-2d","query","query","1","50","hmoe_paper_exact_seed1"
"21399e160a46d421","jacobi-2d","query","query","1","50","hmoe_paper_exact_seed1"
"3216d5e44ff4a411","jacobi-2d","query","query","1","50","hmoe_paper_exact_seed1"
"3bce4c37c877cb19","jacobi-2d","query","query","1","50","hmoe_paper_exact_seed1"
"f034469d455bb20c","jacobi-2d","query","query","1","50","hmoe_paper_exact_seed1"
"fab04bee7d771311","jacobi-2d","query","query","1","50","hmoe_paper_exact_seed1"
"526c3a4bdacfa2d3","jacobi-2d","query","query","1","50","hmoe_paper_exact_seed1"
"1509afa979317be1","jacobi-2d","query","query","1","50","hmoe_paper_exact_seed1"
"e9a1e8e3e53c8cad","jacobi-2d","query","query","1","50","hmoe_paper_exact_seed1"
"76c2b8937705e036","jacobi-2d","query","query","1","50","hmoe_paper_exact_seed1"
"ee25e4e2ed66fc53","jacobi-2d","query","query","1","50","hmoe_paper_exact_seed1"
"9b892d6f7350a914","jacobi-2d","query","query","1","50","hmoe_paper_exact_seed1"
"e6572b9f45380988","jacobi-2d","query","query","1","50","hmoe_paper_exact_seed1"
"c096811fe975a754","jacobi-2d","query","query","1","50","hmoe_paper_exact_seed1"
"944f6867f11d504d","jacobi-2d","query","query","1","50","hmoe_paper_exact_seed1"
"9539e01f3eb0f18e","jacobi-2d","query","query","1","50","hmoe_paper_exact_seed1"
"5e5bb0d488f57c02","jacobi-2d","query","query","1","50","hmoe_paper_exact_seed1"
"0d657aedc09afe78","jacobi-2d","query","query","1","50","hmoe_paper_exact_seed1"
"477c4e2e38b59d20","jacobi-2d","query","query","1","50","hmoe_paper_exact_seed1"
"58a41c3a8454ad42","jacobi-2d","query","query","1","50","hmoe_paper_exact_seed1"
"de5d80202c10824d","jacobi-2d","query","query","1","50","hmoe_paper_exact_seed1"
"1b37bbe43cd2bb4d","jacobi-2d","query","query","1","50","hmoe_paper_exact_seed1"
"ce3f95c322d7a06b","jacobi-2d","query","query","1","50","hmoe_paper_exact_seed1"
"b4ef68a5d9f63dc4","jacobi-2d","query","query","1","50","hmoe_paper_exact_seed1"
"1cb62280cb163648","jacobi-2d","query","query","1","50","hmoe_paper_exact_seed1"
"44dccef1d06d09e7","jacobi-2d","query","query","1","50","hmoe_paper_exact_seed1"
"fcc032dc00948d72","jacobi-2d","query","query","1","50","hmoe_paper_exact_seed1"
"b7291231ff5e94b8","jacobi-2d","query","query","1","50","hmoe_paper_exact_seed1"
"ad7cd3eac43c0a10","jacobi-2d","query","query","1","50","hmoe_paper_exact_seed1"
"5e2597b5863e7267","jacobi-2d","query","query","1","50","hmoe_paper_exact_seed1"
"70b23e1418b25f9a","jacobi-2d","query","query","1","50","hmoe_paper_exact_seed1"
"d3b2cff71cb6b3f4","jacobi-2d","query","query","1","50","hmoe_paper_exact_seed1"
"4e8434819940f4ab","jacobi-2d","query","query","1","50","hmoe_paper_exact_seed1"
"f849a18ab6a5f95b","jacobi-2d","query","query","1","50","hmoe_paper_exact_seed1"
"06b4e10354d508a4","jacobi-2d","query","query","1","50","hmoe_paper_exact_seed1"
"b7a063af2d7c0f24","jacobi-2d","query","query","1","50","hmoe_paper_exact_seed1"
"0b98e4b7ddc0e9e1","jacobi-2d","query","query","1","50","hmoe_paper_exact_seed1"
"fa9d05c112689cf8","jacobi-2d","query","query","1","50","hmoe_paper_exact_seed1"
"636bf2d9ed70951a","jacobi-2d","query","query","1","50","hmoe_paper_exact_seed1"
"e05942ec253636bc","jacobi-2d","query","query","1","50","hmoe_paper_exact_seed1"
"3fcc998748c8d376","jacobi-2d","query","query","1","50","hmoe_paper_exact_seed1"
"2ada84ceecd6d2ea","jacobi-2d","query","query","1","50","hmoe_paper_exact_seed1"
"bf1098b07df0d975","jacobi-2d","query","query","1","50","hmoe_paper_exact_seed1"
"cbafe5a4e8823ead","jacobi-2d","query","query","1","50","hmoe_paper_exact_seed1"
"6f4f3264bdb17fcf","jacobi-2d","query","query","1","50","hmoe_paper_exact_seed1"
"292906e368d78e22","jacobi-2d","query","query","1","50","hmoe_paper_exact_seed1"
"7fb3c20dbed2153a","jacobi-2d","query","query","1","50","hmoe_paper_exact_seed1"
"00f38308256f3bcc","jacobi-2d","query","query","1","50","hmoe_paper_exact_seed1"
"f8abd11bf5771ea3","jacobi-2d","query","query","1","50","hmoe_paper_exact_seed1"
"33a477d84c262dc2","jacobi-2d","query","query","1","50","hmoe_paper_exact_seed1"
"4ef9c3115d1df67f","jacobi-2d","query","query","1","50","hmoe_paper_exact_seed1"
"ef94c8dd19f71d10","jacobi-2d","query","query","1","50","hmoe_paper_exact_seed1"
"ac131c488d448b82","jacobi-2d","query","query","1","50","hmoe_paper_exact_seed1"
"620a3218c1a7f9c8","jacobi-2d","query","query","1","50","hmoe_paper_exact_seed1"
"ed1e0b205d363f5e","jacobi-2d","query","query","1","50","hmoe_paper_exact_seed1"
"0b048cbe2d8c5471","jacobi-2d","query","query","1","50","hmoe_paper_exact_seed1"
"bbffb137352025e1","jacobi-2d","query","query","1","50","hmoe_paper_exact_seed1"
"11b2257107686917","jacobi-2d","query","query","1","50","hmoe_paper_exact_seed1"
"9989bcc5a4c88281","jacobi-2d","query","query","1","50","hmoe_paper_exact_seed1"
"e0672c2d77aa4712","jacobi-2d","query","query","1","50","hmoe_paper_exact_seed1"
"a6b64c8bb182d31b","jacobi-2d","query","query","1","50","hmoe_paper_exact_seed1"
"c60e27770f3ce92d","jacobi-2d","query","query","1","50","hmoe_paper_exact_seed1"
"a2f55586e23c4af2","jacobi-2d","query","query","1","50","hmoe_paper_exact_seed1"
"6b1a97d31ff54f58","jacobi-2d","query","query","1","50","hmoe_paper_exact_seed1"
"82f432bd118264ba","jacobi-2d","query","query","1","50","hmoe_paper_exact_seed1"
"b9937ac9cd905954","jacobi-2d","query","query","1","50","hmoe_paper_exact_seed1"
"ff47117027ddb9c3","jacobi-2d","query","query","1","50","hmoe_paper_exact_seed1"
"87c44a4a605ec900","jacobi-2d","query","query","1","50","hmoe_paper_exact_seed1"
"47bf8aa757fbacb3","jacobi-2d","query","query","1","50","hmoe_paper_exact_seed1"
"ca89cb920af95063","jacobi-2d","query","query","1","50","hmoe_paper_exact_seed1"
"fc427f6bfe799bc1","jacobi-2d","query","query","1","50","hmoe_paper_exact_seed1"
"7b9b53845cd3a724","jacobi-2d","query","query","1","50","hmoe_paper_exact_seed1"
"e3c1d5bfb522a40c","jacobi-2d","query","query","1","50","hmoe_paper_exact_seed1"
"b24dcc61770a9579","jacobi-2d","query","query","1","50","hmoe_paper_exact_seed1"
"b07abd212d31a627","jacobi-2d","query","query","1","50","hmoe_paper_exact_seed1"
"783249bd6839d5eb","jacobi-2d","query","query","1","50","hmoe_paper_exact_seed1"
"6c17c4d0414be5a1","jacobi-2d","query","query","1","50","hmoe_paper_exact_seed1"
"78d8962b6846ccf5","jacobi-2d","query","query","1","50","hmoe_paper_exact_seed1"
"09dffd75dd6a8699","jacobi-2d","query","query","1","50","hmoe_paper_exact_seed1"
"9d768830a4945d1e","jacobi-2d","query","query","1","50","hmoe_paper_exact_seed1"
"9ad340ebffd8ac94","jacobi-2d","query","query","1","50","hmoe_paper_exact_seed1"
"50dfb163d619aeb1","jacobi-2d","query","query","1","50","hmoe_paper_exact_seed1"
"37ef2a19bd4f9c1e","jacobi-2d","query","query","1","50","hmoe_paper_exact_seed1"
"536c145b4b592f58","jacobi-2d","query","query","1","50","hmoe_paper_exact_seed1"
"75c9416af2e62f0b","jacobi-2d","query","query","1","50","hmoe_paper_exact_seed1"
"ebe57cf1663b92bf","jacobi-2d","query","query","1","50","hmoe_paper_exact_seed1"
"3290e28a81169206","jacobi-2d","query","query","1","50","hmoe_paper_exact_seed1"
"c45c956a22ace27c","jacobi-2d","query","query","1","50","hmoe_paper_exact_seed1"
"3c4307f2e6ff5a6c","jacobi-2d","query","query","1","50","hmoe_paper_exact_seed1"
"167d65bad6feeeff","jacobi-2d","query","query","1","50","hmoe_paper_exact_seed1"
"b373e8c571dbb7cb","jacobi-2d","query","query","1","50","hmoe_paper_exact_seed1"
"8a2ebf18dd65c202","jacobi-2d","query","query","1","50","hmoe_paper_exact_seed1"
"cadd78a889c58ad2","jacobi-2d","query","query","1","50","hmoe_paper_exact_seed1"
"4146bdc142fce714","jacobi-2d","query","query","1","50","hmoe_paper_exact_seed1"
"6671db5a69291d3f","jacobi-2d","query","query","1","50","hmoe_paper_exact_seed1"
"935aa4b826c821b2","jacobi-2d","query","query","1","50","hmoe_paper_exact_seed1"
"dda030bf114264b6","jacobi-2d","query","query","1","50","hmoe_paper_exact_seed1"
"fd3206ad1fd9a338","jacobi-2d","query","query","1","50","hmoe_paper_exact_seed1"
"396826bce948f164","jacobi-2d","query","query","1","50","hmoe_paper_exact_seed1"
"1f853d36d66395d1","jacobi-2d","query","query","1","50","hmoe_paper_exact_seed1"
"855ffe67644e95d0","jacobi-2d","query","query","1","50","hmoe_paper_exact_seed1"
"e6344a3116b3c498","jacobi-2d","query","query","1","50","hmoe_paper_exact_seed1"
"e283536839fed99c","jacobi-2d","query","query","1","50","hmoe_paper_exact_seed1"
"86c3f25e74bb0602","jacobi-2d","query","query","1","50","hmoe_paper_exact_seed1"
"5d54a86aa7149b19","jacobi-2d","query","query","1","50","hmoe_paper_exact_seed1"
"ac5cf5acda484bde","jacobi-2d","query","query","1","50","hmoe_paper_exact_seed1"
"7c2772b2177fc2a6","jacobi-2d","query","query","1","50","hmoe_paper_exact_seed1"
"53235e166f38cfc1","jacobi-2d","query","query","1","50","hmoe_paper_exact_seed1"
"4380ae31aa9f6517","jacobi-2d","query","query","1","50","hmoe_paper_exact_seed1"
"aa2dbe6374806a88","jacobi-2d","query","query","1","50","hmoe_paper_exact_seed1"
"1e0930d3a442aea0","jacobi-2d","query","query","1","50","hmoe_paper_exact_seed1"
"97d9abfd402b29db","jacobi-2d","query","query","1","50","hmoe_paper_exact_seed1"
"2530921ded218957","jacobi-2d","query","query","1","50","hmoe_paper_exact_seed1"
"053991bbd59f5501","jacobi-2d","query","query","1","50","hmoe_paper_exact_seed1"
"51c770f1917009bf","jacobi-2d","query","query","1","50","hmoe_paper_exact_seed1"
"005086396bfb0fbc","jacobi-2d","query","query","1","50","hmoe_paper_exact_seed1"
"08840fca35aa1062","jacobi-2d","query","query","1","50","hmoe_paper_exact_seed1"
"a81f2c933c1c2aee","jacobi-2d","query","query","1","50","hmoe_paper_exact_seed1"
"cc7165117e2f0399","jacobi-2d","query","query","1","50","hmoe_paper_exact_seed1"
"4e0f6fce3df978a0","jacobi-2d","query","query","1","50","hmoe_paper_exact_seed1"
"bb70c3f8edfae14e","jacobi-2d","query","query","1","50","hmoe_paper_exact_seed1"
"aa4bc6cfd0d2f2c0","jacobi-2d","query","query","1","50","hmoe_paper_exact_seed1"
"96c3a9e64d5e25ff","jacobi-2d","query","query","1","50","hmoe_paper_exact_seed1"
"c094d3f4aa35b172","jacobi-2d","query","query","1","50","hmoe_paper_exact_seed1"
"7364bf009fc7cbb7","jacobi-2d","query","query","1","50","hmoe_paper_exact_seed1"
"4e1de51300b2f8c9","jacobi-2d","query","query","1","50","hmoe_paper_exact_seed1"
"f728e9e6039d3dc4","jacobi-2d","query","query","1","50","hmoe_paper_exact_seed1"
"784d806af7785d1f","jacobi-2d","query","query","1","50","hmoe_paper_exact_seed1"
"6d2b07676ed78ee0","jacobi-2d","query","query","1","50","hmoe_paper_exact_seed1"
"3e14a2713d1d763e","jacobi-2d","query","query","1","50","hmoe_paper_exact_seed1"
"856cc9f2c17a159a","jacobi-2d","query","query","1","50","hmoe_paper_exact_seed1"
"325879767ea9ec0f","jacobi-2d","query","query","1","50","hmoe_paper_exact_seed1"
"aa2e9802151958d2","gemver-medium","query","query","1","50","hmoe_paper_exact_seed1"
"000f3624d587129c","gemver-medium","query","query","1","50","hmoe_paper_exact_seed1"
"23cb5d94ca303749","gemver-medium","query","query","1","50","hmoe_paper_exact_seed1"
"c453bfa6fbe16f91","gemver-medium","query","query","1","50","hmoe_paper_exact_seed1"
"f30c53ed54cd07f6","gemver-medium","query","query","1","50","hmoe_paper_exact_seed1"
"d8e3b8d9f992790d","gemver-medium","query","query","1","50","hmoe_paper_exact_seed1"
"dba56bf59fef0447","gemver-medium","query","query","1","50","hmoe_paper_exact_seed1"
"a5d37c21d89dafa7","gemver-medium","query","query","1","50","hmoe_paper_exact_seed1"
"959902609e6a4167","gemver-medium","query","query","1","50","hmoe_paper_exact_seed1"
"ac49c902d4aef2ec","gemver-medium","query","query","1","50","hmoe_paper_exact_seed1"
"4ad5995a833d2439","gemver-medium","query","query","1","50","hmoe_paper_exact_seed1"
"f29f2562f3c80240","gemver-medium","query","query","1","50","hmoe_paper_exact_seed1"
"ea1c49f64583b28b","gemver-medium","query","query","1","50","hmoe_paper_exact_seed1"
"1e2ebb43fa259075","gemver-medium","query","query","1","50","hmoe_paper_exact_seed1"
"fe1f6d87f4424e94","gemver-medium","query","query","1","50","hmoe_paper_exact_seed1"
"41643b6d806087fa","gemver-medium","query","query","1","50","hmoe_paper_exact_seed1"
"546ba9672e1bec4e","gemver-medium","query","query","1","50","hmoe_paper_exact_seed1"
"57db2cdf99ad2535","gemver-medium","query","query","1","50","hmoe_paper_exact_seed1"
"f2382c4833c27b31","gemver-medium","query","query","1","50","hmoe_paper_exact_seed1"
"b16f47effa78ecb0","gemver-medium","query","query","1","50","hmoe_paper_exact_seed1"
"b25403802978da1b","gemver-medium","query","query","1","50","hmoe_paper_exact_seed1"
"3ffa8cb8596be391","gemver-medium","query","query","1","50","hmoe_paper_exact_seed1"
"d47a24b4ad9d0e97","gemver-medium","query","query","1","50","hmoe_paper_exact_seed1"
"2c080e6dbf4e1894","gemver-medium","query","query","1","50","hmoe_paper_exact_seed1"
"979644bcd6761137","gemver-medium","query","query","1","50","hmoe_paper_exact_seed1"
"8b2f6bcb3ee50e1e","gemver-medium","query","query","1","50","hmoe_paper_exact_seed1"
"47bc00fe4ed487e8","gemver-medium","query","query","1","50","hmoe_paper_exact_seed1"
"8f4ab36456ee280a","gemver-medium","query","query","1","50","hmoe_paper_exact_seed1"
"7991ac02ef164882","gemver-medium","query","query","1","50","hmoe_paper_exact_seed1"
"46fff6b5ab3176c1","gemver-medium","query","query","1","50","hmoe_paper_exact_seed1"
"3b3eea8d09d234c1","gemver-medium","query","query","1","50","hmoe_paper_exact_seed1"
"9fdaad6156127ccf","gemver-medium","query","query","1","50","hmoe_paper_exact_seed1"
"9c8bd01095d1e0ca","gemver-medium","query","query","1","50","hmoe_paper_exact_seed1"
"ea83d34ff54ddfc6","gemver-medium","query","query","1","50","hmoe_paper_exact_seed1"
"f04d401f04d14c1e","gemver-medium","query","query","1","50","hmoe_paper_exact_seed1"
"db1518b5e0f5c412","gemver-medium","query","query","1","50","hmoe_paper_exact_seed1"
"5866cbdc49313267","gemver-medium","query","query","1","50","hmoe_paper_exact_seed1"
"1cc6286de82d0589","gemver-medium","query","query","1","50","hmoe_paper_exact_seed1"
"ea9580005e96c617","gemver-medium","query","query","1","50","hmoe_paper_exact_seed1"
"210c2d0f18751123","gemver-medium","query","query","1","50","hmoe_paper_exact_seed1"
"a7dc296477f89e14","gemver-medium","query","query","1","50","hmoe_paper_exact_seed1"
"cdcda04bf68ce8ac","gemver-medium","query","query","1","50","hmoe_paper_exact_seed1"
"5e2cc981135680a0","gemver-medium","query","query","1","50","hmoe_paper_exact_seed1"
"6ddd06201de501e3","gemver-medium","query","query","1","50","hmoe_paper_exact_seed1"
"f351dcbd8a9583d8","gemver-medium","query","query","1","50","hmoe_paper_exact_seed1"
"629fe26036eb69ab","gemver-medium","query","query","1","50","hmoe_paper_exact_seed1"
"c21ced4ec6c175ca","gemver-medium","query","query","1","50","hmoe_paper_exact_seed1"
"2f626245e21cc056","gemver-medium","query","query","1","50","hmoe_paper_exact_seed1"
"13a09a66c1972ec3","gemver-medium","query","query","1","50","hmoe_paper_exact_seed1"
"f0f3855c9b8ec11c","gemver-medium","query","query","1","50","hmoe_paper_exact_seed1"
"3460f95e508f6efc","gemver-medium","query","query","1","50","hmoe_paper_exact_seed1"
"e791599a06b64fdd","gemver-medium","query","query","1","50","hmoe_paper_exact_seed1"
"f5222419a61dc3ae","gemver-medium","query","query","1","50","hmoe_paper_exact_seed1"
"d85aa464ab05cd12","gemver-medium","query","query","1","50","hmoe_paper_exact_seed1"
"2594dd922d740fe9","gemver-medium","query","query","1","50","hmoe_paper_exact_seed1"
"5ece08fb01c7b911","gemver-medium","query","query","1","50","hmoe_paper_exact_seed1"
"6d6bafe460da6a50","gemver-medium","query","query","1","50","hmoe_paper_exact_seed1"
"0526577840035d0e","gemver-medium","query","query","1","50","hmoe_paper_exact_seed1"
"01e5f16a1216bb57","gemver-medium","query","query","1","50","hmoe_paper_exact_seed1"
"09d1e6e62ac85248","gemver-medium","query","query","1","50","hmoe_paper_exact_seed1"
"f01dce4946b7b7b7","gemver-medium","query","query","1","50","hmoe_paper_exact_seed1"
"858ff888300b806f","gemver-medium","query","query","1","50","hmoe_paper_exact_seed1"
"40fa45ba8d75fea6","gemver-medium","query","query","1","50","hmoe_paper_exact_seed1"
"ecfb96f63a221e62","gemver-medium","query","query","1","50","hmoe_paper_exact_seed1"
"b191ebbac7826eb3","gemver-medium","query","query","1","50","hmoe_paper_exact_seed1"
"e479489c10e97e63","gemver-medium","query","query","1","50","hmoe_paper_exact_seed1"
"b34fe29ee40cbfd8","gemver-medium","query","query","1","50","hmoe_paper_exact_seed1"
"843ee3ee3066436a","gemver-medium","query","query","1","50","hmoe_paper_exact_seed1"
"9eefe9932bd3de70","gemver-medium","query","query","1","50","hmoe_paper_exact_seed1"
"658a43b6874223a8","gemver-medium","query","query","1","50","hmoe_paper_exact_seed1"
"f220802a696f04d5","gemver-medium","query","query","1","50","hmoe_paper_exact_seed1"
"3f814bf3cb2014e1","gemver-medium","query","query","1","50","hmoe_paper_exact_seed1"
"07cb38f49129dd42","gemver-medium","query","query","1","50","hmoe_paper_exact_seed1"
"d18c3f6a099c066b","gemver-medium","query","query","1","50","hmoe_paper_exact_seed1"
"ad996a6ca183f670","gemver-medium","query","query","1","50","hmoe_paper_exact_seed1"
"2b4f099ae74f84d5","gemver-medium","query","query","1","50","hmoe_paper_exact_seed1"
"89d7ff444c80ab8f","gemver-medium","query","query","1","50","hmoe_paper_exact_seed1"
"2932f44c3f2bc533","gemver-medium","query","query","1","50","hmoe_paper_exact_seed1"
"06642eb004feff89","gemver-medium","query","query","1","50","hmoe_paper_exact_seed1"
"cd2cbe2bb0e6451c","gemver-medium","query","query","1","50","hmoe_paper_exact_seed1"
"b447e908d3ee5320","gemver-medium","query","query","1","50","hmoe_paper_exact_seed1"
"f210541613fb8795","gemver-medium","query","query","1","50","hmoe_paper_exact_seed1"
"9223f67909b2b538","gemver-medium","query","query","1","50","hmoe_paper_exact_seed1"
"5c6ffb0bd9e5a3fc","gemver-medium","query","query","1","50","hmoe_paper_exact_seed1"
"768cf60a93610532","gemver-medium","query","query","1","50","hmoe_paper_exact_seed1"
"7802cd1a71e2ebb3","gemver-medium","query","query","1","50","hmoe_paper_exact_seed1"
"130704a61a6e6fbf","gemver-medium","query","query","1","50","hmoe_paper_exact_seed1"
"d76b59724307206f","gemver-medium","query","query","1","50","hmoe_paper_exact_seed1"
"78748ad5835958f4","gemver-medium","query","query","1","50","hmoe_paper_exact_seed1"
"ad06f729bd5db51b","gemver-medium","query","query","1","50","hmoe_paper_exact_seed1"
"57d44026afacdea0","gemver-medium","query","query","1","50","hmoe_paper_exact_seed1"
"c6b077cf4b447681","gemver-medium","query","query","1","50","hmoe_paper_exact_seed1"
"a6d12815f059afc2","gemver-medium","query","query","1","50","hmoe_paper_exact_seed1"
"4bb451a569de3df5","gemver-medium","query","query","1","50","hmoe_paper_exact_seed1"
"d9662c3dbf1efeed","gemver-medium","query","query","1","50","hmoe_paper_exact_seed1"
"6498f25beb6ad580","gemver-medium","query","query","1","50","hmoe_paper_exact_seed1"
"a55d7e185e11adb8","gemver-medium","query","query","1","50","hmoe_paper_exact_seed1"
"a7c68a7cb4043184","gemver-medium","query","query","1","50","hmoe_paper_exact_seed1"
"32d58a29b225edc8","gemver-medium","query","query","1","50","hmoe_paper_exact_seed1"
"13d51c60d3db7723","gemver-medium","query","query","1","50","hmoe_paper_exact_seed1"
"89ce2637f250dbdc","gemver-medium","query","query","1","50","hmoe_paper_exact_seed1"
"53ac0caa0da746c6","gemver-medium","query","query","1","50","hmoe_paper_exact_seed1"
"39d92e60a19b8911","gemver-medium","query","query","1","50","hmoe_paper_exact_seed1"
"e9a82eaf33fbe0e6","gemver-medium","query","query","1","50","hmoe_paper_exact_seed1"
"7b44bab8e9ce85c5","gemver-medium","query","query","1","50","hmoe_paper_exact_seed1"
"7431bdb2627f50c0","gemver-medium","query","query","1","50","hmoe_paper_exact_seed1"
"cdcc51c6c395351b","gemver-medium","query","query","1","50","hmoe_paper_exact_seed1"
"ad4900e68c105b97","gemver-medium","query","query","1","50","hmoe_paper_exact_seed1"
"aaa173e09b080b95","gemver-medium","query","query","1","50","hmoe_paper_exact_seed1"
"050828280a5cdd83","gemver-medium","query","query","1","50","hmoe_paper_exact_seed1"
"0a7815b4a5090fb0","gemver-medium","query","query","1","50","hmoe_paper_exact_seed1"
"32dfa05f97e3183b","gemver-medium","query","query","1","50","hmoe_paper_exact_seed1"
"7fd996d84f497a6b","gemver-medium","query","query","1","50","hmoe_paper_exact_seed1"
"8a3e5c2f14c9d9e7","gemver-medium","query","query","1","50","hmoe_paper_exact_seed1"
"4275cd2136d7ac8c","gemver-medium","query","query","1","50","hmoe_paper_exact_seed1"
"243cd02cdb26e76f","gemver-medium","query","query","1","50","hmoe_paper_exact_seed1"
"fd885963701ec907","gemver-medium","query","query","1","50","hmoe_paper_exact_seed1"
"f0b85143c160e227","gemver-medium","query","query","1","50","hmoe_paper_exact_seed1"
"afabf0cf6a7b8365","gemver-medium","query","query","1","50","hmoe_paper_exact_seed1"
"9b6ded63e303dd42","gemver-medium","query","query","1","50","hmoe_paper_exact_seed1"
"d01425f50d6673bc","gemver-medium","query","query","1","50","hmoe_paper_exact_seed1"
"c4c3345a7057f3e3","gemver-medium","query","query","1","50","hmoe_paper_exact_seed1"
"137df9385324e331","gemver-medium","query","query","1","50","hmoe_paper_exact_seed1"
"7f3a6a68a52a7805","gemver-medium","query","query","1","50","hmoe_paper_exact_seed1"
"5f6a5ea1f48bc17a","gemver-medium","query","query","1","50","hmoe_paper_exact_seed1"
"d9117322aab4f7c2","gemver-medium","query","query","1","50","hmoe_paper_exact_seed1"
"088c49f7f49c80eb","gemver-medium","query","query","1","50","hmoe_paper_exact_seed1"
"46beeb5ba9e62c65","gemver-medium","query","query","1","50","hmoe_paper_exact_seed1"
"9437db7693f1d995","gemver-medium","query","query","1","50","hmoe_paper_exact_seed1"
"fa1f42ea1d8a699a","gemver-medium","query","query","1","50","hmoe_paper_exact_seed1"
"500bee300eb14559","gemver-medium","query","query","1","50","hmoe_paper_exact_seed1"
"2cbb07715c8233d5","gemver-medium","query","query","1","50","hmoe_paper_exact_seed1"
"15a680d728ab4220","gemver-medium","query","query","1","50","hmoe_paper_exact_seed1"
"38b5571df4d34783","gemver-medium","query","query","1","50","hmoe_paper_exact_seed1"
"9bd5be897febc88c","gemver-medium","query","query","1","50","hmoe_paper_exact_seed1"
"5b9287120925f2a0","gemver-medium","query","query","1","50","hmoe_paper_exact_seed1"
"0f367971ed04498a","gemver-medium","query","query","1","50","hmoe_paper_exact_seed1"
"6f8fa15b227a2a9b","gemver-medium","query","query","1","50","hmoe_paper_exact_seed1"
"c29f58aa87f88211","gemver-medium","query","query","1","50","hmoe_paper_exact_seed1"
"eb9d1af35d4c996c","gemver-medium","query","query","1","50","hmoe_paper_exact_seed1"
"073ea443eaa72b1a","gemver-medium","query","query","1","50","hmoe_paper_exact_seed1"
"d840d88097461383","gemver-medium","query","query","1","50","hmoe_paper_exact_seed1"
"fb29053e523e2801","gemver-medium","query","query","1","50","hmoe_paper_exact_seed1"
"ebd95f41307d86ed","gemver-medium","query","query","1","50","hmoe_paper_exact_seed1"
"34cdca838c32d328","gemver-medium","query","query","1","50","hmoe_paper_exact_seed1"
"2534d0e759e5071a","gemver-medium","query","query","1","50","hmoe_paper_exact_seed1"
"fbfb7dd04c50fd12","gemver-medium","query","query","1","50","hmoe_paper_exact_seed1"
"1173dc7929c37fc6","gemver-medium","query","query","1","50","hmoe_paper_exact_seed1"
"db822cddca8579a4","gemver-medium","query","query","1","50","hmoe_paper_exact_seed1"
"1532672d0a5db819","gemver-medium","query","query","1","50","hmoe_paper_exact_seed1"
"16b1f6d7e45fe22d","gemver-medium","query","query","1","50","hmoe_paper_exact_seed1"
"c37f85f367c6ecf3","gemver-medium","query","query","1","50","hmoe_paper_exact_seed1"
"c095eb4c2009d900","gemver-medium","query","query","1","50","hmoe_paper_exact_seed1"
"6ad7d75582a01bd8","gemver-medium","query","query","1","50","hmoe_paper_exact_seed1"
"4d7a6effd7b27dcd","gemver-medium","query","query","1","50","hmoe_paper_exact_seed1"
"86c9a90f08622c5e","gemver-medium","query","query","1","50","hmoe_paper_exact_seed1"
"842ba928da8028f1","gemver-medium","query","query","1","50","hmoe_paper_exact_seed1"
"35f6be44b8a2daa1","gemver-medium","query","query","1","50","hmoe_paper_exact_seed1"
"74a01752d111f879","gemver-medium","query","query","1","50","hmoe_paper_exact_seed1"
"7204e0306d235f1d","gemver-medium","query","query","1","50","hmoe_paper_exact_seed1"
"9dd2b4e7f5d15681","gemver-medium","query","query","1","50","hmoe_paper_exact_seed1"
"1e06e029d012209f","gemver-medium","query","query","1","50","hmoe_paper_exact_seed1"
"8df81f2d5dd78bc5","gemver-medium","query","query","1","50","hmoe_paper_exact_seed1"
"9bf011dc49995303","gemver-medium","query","query","1","50","hmoe_paper_exact_seed1"
"5a6308e7c3261948","gemver-medium","query","query","1","50","hmoe_paper_exact_seed1"
"237b0c1afc129a58","gemver-medium","query","query","1","50","hmoe_paper_exact_seed1"
"148e404c636609d4","gemver-medium","query","query","1","50","hmoe_paper_exact_seed1"
"f1c328c827d09e9c","gemver-medium","query","query","1","50","hmoe_paper_exact_seed1"
"a4af5301460b9d00","gemver-medium","query","query","1","50","hmoe_paper_exact_seed1"
"bd2704a0251c8884","gemver-medium","query","query","1","50","hmoe_paper_exact_seed1"
"88047e3dd9b1cdae","gemver-medium","query","query","1","50","hmoe_paper_exact_seed1"
"3fe4d0313cca2a9b","gemver-medium","query","query","1","50","hmoe_paper_exact_seed1"
"2e8b186c17d162d3","gemver-medium","query","query","1","50","hmoe_paper_exact_seed1"
"8267c1b9533029a4","gemver-medium","query","query","1","50","hmoe_paper_exact_seed1"
"1e9c97bfbccfa9fa","gemver-medium","query","query","1","50","hmoe_paper_exact_seed1"
"090572995cc52263","gemver-medium","query","query","1","50","hmoe_paper_exact_seed1"
"31c578a0b82fae90","gemver-medium","query","query","1","50","hmoe_paper_exact_seed1"
"b93670f05cc551b5","gemver-medium","query","query","1","50","hmoe_paper_exact_seed1"
"ffd817ca2f130960","gemver-medium","query","query","1","50","hmoe_paper_exact_seed1"
"1c52d579ac75be4f","gemver-medium","query","query","1","50","hmoe_paper_exact_seed1"
"004efb321e4bf36a","gemver-medium","query","query","1","50","hmoe_paper_exact_seed1"
"8ff1de1909c0e79a","trmm-opt","query","query","1","50","hmoe_paper_exact_seed1"
"6bc065582b0ca9d2","trmm-opt","query","query","1","50","hmoe_paper_exact_seed1"
"bad25a4a5fdb07e0","trmm-opt","query","query","1","50","hmoe_paper_exact_seed1"
"cae26cbd4853f688","trmm-opt","query","query","1","50","hmoe_paper_exact_seed1"
"7316fec737d23540","trmm-opt","query","query","1","50","hmoe_paper_exact_seed1"
"8376225e029a3a76","trmm-opt","query","query","1","50","hmoe_paper_exact_seed1"
"2daee5e30c354acd","trmm-opt","query","query","1","50","hmoe_paper_exact_seed1"
"a34e73c0529a9001","trmm-opt","query","query","1","50","hmoe_paper_exact_seed1"
"5e35bac667763033","trmm-opt","query","query","1","50","hmoe_paper_exact_seed1"
"13f4049ec8c5900c","trmm-opt","query","query","1","50","hmoe_paper_exact_seed1"
"08d05a519d53e0dc","trmm-opt","query","query","1","50","hmoe_paper_exact_seed1"
"035bd1a25fd49371","trmm-opt","query","query","1","50","hmoe_paper_exact_seed1"
"0e6736a5102ad242","trmm-opt","query","query","1","50","hmoe_paper_exact_seed1"
"44c346e1646bb5f3","trmm-opt","query","query","1","50","hmoe_paper_exact_seed1"
"1e2e7e6145e4a706","trmm-opt","query","query","1","50","hmoe_paper_exact_seed1"
"56fb027c5c12b299","trmm-opt","query","query","1","50","hmoe_paper_exact_seed1"
"e0526172df1e7cf7","trmm-opt","query","query","1","50","hmoe_paper_exact_seed1"
"491e9d6fa5be4ef8","trmm-opt","query","query","1","50","hmoe_paper_exact_seed1"
"a4c8a2990a734281","trmm-opt","query","query","1","50","hmoe_paper_exact_seed1"
"2e61c83e12f5164c","trmm-opt","query","query","1","50","hmoe_paper_exact_seed1"
"797d243708fe4540","trmm-opt","query","query","1","50","hmoe_paper_exact_seed1"
"74b6c3372f68e5ed","trmm-opt","query","query","1","50","hmoe_paper_exact_seed1"
"e58b26e6ce22b5cf","trmm-opt","query","query","1","50","hmoe_paper_exact_seed1"
"e8ee9d2efff88896","trmm-opt","query","query","1","50","hmoe_paper_exact_seed1"
"b504309409dda6ca","trmm-opt","query","query","1","50","hmoe_paper_exact_seed1"
"db2407ae49482c94","trmm-opt","query","query","1","50","hmoe_paper_exact_seed1"
"44e2027c87eee2df","trmm-opt","query","query","1","50","hmoe_paper_exact_seed1"
"0ad3de1578edcf04","trmm-opt","query","query","1","50","hmoe_paper_exact_seed1"
"d0042c5f7d60422e","trmm-opt","query","query","1","50","hmoe_paper_exact_seed1"
"f847f55ce7ee3ca4","trmm-opt","query","query","1","50","hmoe_paper_exact_seed1"
"264c7a4271e56457","trmm-opt","query","query","1","50","hmoe_paper_exact_seed1"
"ec64060c6b189307","trmm-opt","query","query","1","50","hmoe_paper_exact_seed1"
"9ce65a5cfd0f914c","trmm-opt","query","query","1","50","hmoe_paper_exact_seed1"
"5a13180d9acfa19b","trmm-opt","query","query","1","50","hmoe_paper_exact_seed1"
"d3f2f466ee008af5","trmm-opt","query","query","1","50","hmoe_paper_exact_seed1"
"769d7187345c5d7c","trmm-opt","query","query","1","50","hmoe_paper_exact_seed1"
"6bc3aa7c10c618da","trmm-opt","query","query","1","50","hmoe_paper_exact_seed1"
"053e48fb97e31f59","trmm-opt","query","query","1","50","hmoe_paper_exact_seed1"
"b0a03dc635568a28","trmm-opt","query","query","1","50","hmoe_paper_exact_seed1"
"1bb5841ebfe22d73","trmm-opt","query","query","1","50","hmoe_paper_exact_seed1"
"f9f2f71ec25fe3fb","trmm-opt","query","query","1","50","hmoe_paper_exact_seed1"
"f87f7a6baeedb672","trmm-opt","query","query","1","50","hmoe_paper_exact_seed1"
"1fa87e3b25c0be4a","trmm-opt","query","query","1","50","hmoe_paper_exact_seed1"
"dd30a5fa0985ba22","trmm-opt","query","query","1","50","hmoe_paper_exact_seed1"
"28c14f2f1d792ef4","trmm-opt","query","query","1","50","hmoe_paper_exact_seed1"
"bfcc70d035a7bf13","trmm-opt","query","query","1","50","hmoe_paper_exact_seed1"
"266d2385aa651e25","trmm-opt","query","query","1","50","hmoe_paper_exact_seed1"
"6de8d03a4e24deea","trmm-opt","query","query","1","50","hmoe_paper_exact_seed1"
"af60c08335618b2a","trmm-opt","query","query","1","50","hmoe_paper_exact_seed1"
"92991a91512690d7","trmm-opt","query","query","1","50","hmoe_paper_exact_seed1"
"fdb7a5e88cf20db5","trmm-opt","query","query","1","50","hmoe_paper_exact_seed1"
"96d5a336f660ed0e","trmm-opt","query","query","1","50","hmoe_paper_exact_seed1"
"68c6712bdb4fd321","trmm-opt","query","query","1","50","hmoe_paper_exact_seed1"
"a8c72ca5d925d23c","fdtd-2d-large","query","query","1","50","hmoe_paper_exact_seed1"
"7af177530cb396e0","fdtd-2d-large","query","query","1","50","hmoe_paper_exact_seed1"
"3ab94196b68919ce","fdtd-2d-large","query","query","1","50","hmoe_paper_exact_seed1"
"24b111d9a9860636","fdtd-2d-large","query","query","1","50","hmoe_paper_exact_seed1"
"e4bb24edea4453bc","fdtd-2d-large","query","query","1","50","hmoe_paper_exact_seed1"
"2cd3b2c7af7b80ef","fdtd-2d-large","query","query","1","50","hmoe_paper_exact_seed1"
"6e8e3db885d78bd2","fdtd-2d-large","query","query","1","50","hmoe_paper_exact_seed1"
"f24e208669d5e7a1","fdtd-2d-large","query","query","1","50","hmoe_paper_exact_seed1"
"d26ee52b22ad5721","fdtd-2d-large","query","query","1","50","hmoe_paper_exact_seed1"
"83d44c1a40c535cb","fdtd-2d-large","query","query","1","50","hmoe_paper_exact_seed1"
"7342717a39f30c3d","fdtd-2d-large","query","query","1","50","hmoe_paper_exact_seed1"
"02af129af3b47dd9","fdtd-2d-large","query","query","1","50","hmoe_paper_exact_seed1"
"2579e364929f0376","fdtd-2d-large","query","query","1","50","hmoe_paper_exact_seed1"
"18b5cb1e7e04b5d5","fdtd-2d-large","query","query","1","50","hmoe_paper_exact_seed1"
"ee17c82068784e7b","fdtd-2d-large","query","query","1","50","hmoe_paper_exact_seed1"
"0e9358c8b4f372d2","fdtd-2d-large","query","query","1","50","hmoe_paper_exact_seed1"
"b0762bcf12adbd4f","fdtd-2d-large","query","query","1","50","hmoe_paper_exact_seed1"
"07ce34eb13641c98","fdtd-2d-large","query","query","1","50","hmoe_paper_exact_seed1"
"8f5ccf53930158b0","fdtd-2d-large","query","query","1","50","hmoe_paper_exact_seed1"
"3ed41a68d0ef9bf1","fdtd-2d-large","query","query","1","50","hmoe_paper_exact_seed1"
"3c53a61a8a2f38ac","fdtd-2d-large","query","query","1","50","hmoe_paper_exact_seed1"
"9bb098fbfbdf133e","fdtd-2d-large","query","query","1","50","hmoe_paper_exact_seed1"
"c0ce78ce07436a19","fdtd-2d-large","query","query","1","50","hmoe_paper_exact_seed1"
"7687b65c9eafd3b7","fdtd-2d-large","query","query","1","50","hmoe_paper_exact_seed1"
"9cbc317e3da96a87","fdtd-2d-large","query","query","1","50","hmoe_paper_exact_seed1"
"7c61cac1838ff10f","fdtd-2d-large","query","query","1","50","hmoe_paper_exact_seed1"
"9b93827e25abbb2d","fdtd-2d-large","query","query","1","50","hmoe_paper_exact_seed1"
