scope_key,target,bias,weight::harp_hmoe_support_paired,weight::graphgps,weight::exphormer,weight::polynormer,weight::gatedgcn
fdtd-2d-large,perf,0.0,0.3582211081741498,0.0,0.6417788918258502,0.0,0.0
fdtd-2d-large,util_LUT,0.0,0.6708444944675069,0.32915550553249306,0.0,0.0,0.0
fdtd-2d-large,util_FF,0.0,1.0,0.0,0.0,0.0,0.0
fdtd-2d-large,util_DSP,0.0,0.759836533793422,0.24016346620657797,0.0,0.0,0.0
fdtd-2d-large,util_BRAM,0.0,0.6188501195057936,0.2008308901660142,0.0,0.18031899032819224,0.0
gemm-p,perf,0.0,1.0,0.0,0.0,0.0,0.0
gemm-p,util_LUT,0.0,0.6576185747470565,0.0,0.3423814252529435,0.0,0.0
gemm-p,util_FF,0.0,0.3214848732388231,0.36138115419764777,0.0,0.3171339725635292,0.0
gemm-p,util_DSP,0.0,1.0,0.0,0.0,0.0,0.0
gemm-p,util_BRAM,0.0,0.21709599795709744,0.20166050174349662,0.19082991384500567,0.2022539349886759,0.18815965146572444
gemver-medium,perf,0.0,0.6705852077984027,0.0,0.3294147922015973,0.0,0.0
gemver-medium,util_LUT,0.0,0.5631492912033179,0.4368507087966821,0.0,0.0,0.0
gemver-medium,util_FF,0.0,0.7636770962317185,0.0,0.23632290376828144,0.0,0.0
gemver-medium,util_DSP,0.0,0.8158229446486795,0.0,0.18417705535132056,0.0,0.0
gemver-medium,util_BRAM,0.0,0.6864426562235406,0.0,0.31355734377645933,0.0,0.0
jacobi-2d,perf,0.0,0.6212093350598076,0.0,0.0,0.3787906649401925,0.0
jacobi-2d,util_LUT,0.0,0.5873399915247429,0.4126600084752571,0.0,0.0,0.0
jacobi-2d,util_FF,0.0,0.2139838264966448,0.4537245955333181,0.0,0.0,0.33229157797003706
jacobi-2d,util_DSP,0.0,0.4760702578386544,0.5239297421613457,0.0,0.0,0.0
jacobi-2d,util_BRAM,0.0,0.33897030225575125,0.2526595372953191,0.1747583431295215,0.2336118173194081,0.0
syr2k,perf,0.0,1.0,0.0,0.0,0.0,0.0
syr2k,util_LUT,0.0,0.42258227276431154,0.0,0.3147227223685331,0.26269500486715547,0.0
syr2k,util_FF,0.0,0.64656339617315,0.0,0.3534366038268501,0.0,0.0
syr2k,util_DSP,0.0,0.2364935815501027,0.18160598384455787,0.16290568042288553,0.1582837139246885,0.2607110402577655
syr2k,util_BRAM,0.0,0.28290493993623245,0.19751325475242876,0.20073088432270805,0.15878652038654023,0.16006440060209054
trmm-opt,perf,0.0,0.7748732452621222,0.0,0.0,0.0,0.22512675473787777
trmm-opt,util_LUT,0.0,0.41813111305446077,0.0,0.0,0.29086956549208615,0.2909993214534532
trmm-opt,util_FF,0.0,0.5029562490813431,0.0,0.0,0.0,0.497043750918657
trmm-opt,util_DSP,0.0,0.7316650542058548,0.0,0.0,0.0,0.2683349457941452
trmm-opt,util_BRAM,0.0,0.22445538973820858,0.2063046627788137,0.19134889530174704,0.18618036055873627,0.1917106916224942
