path,bytes,sha256,rows
inputs/candidates/seed1/exphormer/target_query_predictions.csv,475495,2fa42bcdfdc4566158f32d57aa9b053e78913686cc035b88445c046d12633c6e,837
inputs/candidates/seed1/exphormer/target_support_predictions.csv,174091,ae5770a2edcf435fdb4ebcffc49820a376d4b6d814ffc8be1e721af34995fece,300
inputs/candidates/seed1/gatedgcn/target_query_predictions.csv,472555,6f09ddbfec036565e55ab6506bdddca6de724018ac1521edc40c16987d03bae6,837
inputs/candidates/seed1/gatedgcn/target_support_predictions.csv,173159,2cfca579ca4c391f4b1fb6cbe7069e35af0015785b345ec952de43fa48900e89,300
inputs/candidates/seed1/graphgps/target_query_predictions.csv,474854,4a57f3cd63c0e9180c5c50ac4991176ce9c12c43b88bb1a4fecdc15a72398478,837
inputs/candidates/seed1/graphgps/target_support_predictions.csv,173897,258ca61c1a60df41f92f9cedcc178bdff95bb334c4af593986ca45d43437edf6,300
inputs/candidates/seed1/harp_hmoe_support_paired/target_query_predictions.csv,389191,e2414f4bd4bdfd5a938fa2c2d25d8fbdf61109b9a024fb23936cc92d7f20e94d,837
inputs/candidates/seed1/harp_hmoe_support_paired/target_support_predictions.csv,144776,5c611a531934a7f1d824fc9fb7fbf21262a3f7092b2f75bb79797dc98bebb600,300
inputs/candidates/seed1/polynormer/target_query_predictions.csv,476578,a99cd349202229bbd34b4f13173a917fd8392571e8810ccc90e4d1ef694e0824,837
inputs/candidates/seed1/polynormer/target_support_predictions.csv,174625,4a5473fd3091ed68638f38e2d1a341b9efed706097258296dcecba5c7e5f9240,300
inputs/candidates/seed2/exphormer/target_query_predictions.csv,476056,2fed3fee75a6fa2889919547bf5110dc27f2cbaec30ae039ce981b2ed9bde234,837
inputs/candidates/seed2/exphormer/target_support_predictions.csv,174601,53b1de8e54c28d2d21d487909ab01865be09def3037c15fd0a303fd013ecf265,300
inputs/candidates/seed2/gatedgcn/target_query_predictions.csv,472932,b66b54987ae14d61680b5bb6db6058c49ded57b9045fdcf2c7ce9a31f6dfd93d,837
inputs/candidates/seed2/gatedgcn/target_support_predictions.csv,173422,a6699e7c6236c9f9086182215d708d4edb72c8d85a51fdca57945bf57d14f86c,300
inputs/candidates/seed2/graphgps/target_query_predictions.csv,474836,6dfde756d252228ed65a90183b95fa57aaa54fa2568133a1b0b6ab63cb457904,837
inputs/candidates/seed2/graphgps/target_support_predictions.csv,174157,0d679f38e69ac9b298c659eaacebaf864be0fbaa65d6ebce6ebaaeefbdc39fc4,300
inputs/candidates/seed2/harp_hmoe_support_paired/target_query_predictions.csv,389276,fe19d4f5100769d128ab4e8494873e15f0ee411cce6c6a5e77e672495e32521c,837
inputs/candidates/seed2/harp_hmoe_support_paired/target_support_predictions.csv,145154,c81479b06d3ba1aaaada869e98535cf0e25128e191dddfbaae13073d104015f2,300
inputs/candidates/seed2/polynormer/target_query_predictions.csv,476317,5593bb22de60328764c033264dadaa50f190258ef84018871cd0a26f3a9a7f5d,837
inputs/candidates/seed2/polynormer/target_support_predictions.csv,174725,12c8ad909a181570d528bcb6fe3e0600b83ff37dc08d915b50647387afb066e3,300
inputs/candidates/seed3/exphormer/target_query_predictions.csv,476346,a6f35b61aebf25a04667414c6e7c7d0482c057fed550c9fb70489599c6cf2c27,837
inputs/candidates/seed3/exphormer/target_support_predictions.csv,174290,acdcc9893280010bac54965190ef2d1ce29630556197fe7fdf60494c157b43da,300
inputs/candidates/seed3/gatedgcn/target_query_predictions.csv,473145,3ccb608bef98ea4497f7cc0a195310c9f3409e214cea13afac4bf32b232c5990,837
inputs/candidates/seed3/gatedgcn/target_support_predictions.csv,173119,9b32ff4da51ead3b9e25621f0409b5ed8a272f58bf4457725234d5d297294391,300
inputs/candidates/seed3/graphgps/target_query_predictions.csv,474888,c684c567e96cce0553f7c2885fe87fd2a2dd707d04c86144172b82859c88dbec,837
inputs/candidates/seed3/graphgps/target_support_predictions.csv,173711,078fdefed29fdabd20ce73422e227944a9c1172851618f80e6ccf8b81ef5df5a,300
inputs/candidates/seed3/harp_hmoe_support_paired/target_query_predictions.csv,388597,bcc5f682f5a0bd4b5b5da6697a05d7549bcc7d112bb6370623bdc755e2682dc8,837
inputs/candidates/seed3/harp_hmoe_support_paired/target_support_predictions.csv,144408,1777c3cf5025ed583ad282e0580f23c52bca228e8242cd3d4fef49777edfdcb1,300
inputs/candidates/seed3/polynormer/target_query_predictions.csv,476813,a44f58d2b079da98bdbb3c777036dabbbbabb3971f4baf68546931b2b38955f3,837
inputs/candidates/seed3/polynormer/target_support_predictions.csv,174503,af901933170b06d0caa986512a2141b57185fadac0efb5b764f102c64469b570,300
inputs/candidates/seed4/exphormer/target_query_predictions.csv,475435,a8aa102b2f622f38ed5482ddf84e928ba71f3785f18b8d8863c53b6070ee6f6d,837
inputs/candidates/seed4/exphormer/target_support_predictions.csv,174484,a2b03c727440adb86d420e0ab3978b1cd42e7d0ef83a7909f6d0a46138a6f98e,300
inputs/candidates/seed4/gatedgcn/target_query_predictions.csv,472790,1c6395f6e8ecc44ca2bf765aaae49d2ce82916b311a902856c52dad1efeb7e27,837
inputs/candidates/seed4/gatedgcn/target_support_predictions.csv,173453,91ac07587a25ac6cb5f6e516d7bdc2917f62ef548495fb301b187112497a3011,300
inputs/candidates/seed4/graphgps/target_query_predictions.csv,474931,59405b630e9ab7df10d021fa0fba15ff4fab4cf194508cce81d864e4aa432a04,837
inputs/candidates/seed4/graphgps/target_support_predictions.csv,174304,783624593e67dd0cf8f6eb42282bb344cbbe50bf5bba391177faf0e666cf5e12,300
inputs/candidates/seed4/harp_hmoe_support_paired/target_query_predictions.csv,389141,527d6a9e92fe4a84c46ae7f9b74efb8bb075f1bd65be22cc7c94f7ed912aa0b8,837
inputs/candidates/seed4/harp_hmoe_support_paired/target_support_predictions.csv,144692,34ac508dccd24813311f898aa220fc4f829c111b943c4af408f9c7b978aab244,300
inputs/candidates/seed4/polynormer/target_query_predictions.csv,476960,59a815dfed35ef92b4ddca86bc9761bbff02e26d59dea860871579c632f5303f,837
inputs/candidates/seed4/polynormer/target_support_predictions.csv,175016,3e29b11caafa84ec8043fd86694ecf0b201cef20b545d390e1c0e4d5db8716a9,300
inputs/candidates/seed5/exphormer/target_query_predictions.csv,476055,a1baac3b3ea91f6b38e498a5a64021c5162088b6c0abc7674a8a1f834bdf349f,837
inputs/candidates/seed5/exphormer/target_support_predictions.csv,174334,a55ee759bb494a29ce13d172a1308179324bb1ca79d326a8a7231d44a811cb7b,300
inputs/candidates/seed5/gatedgcn/target_query_predictions.csv,473134,624a28ebd285adb1b1ec1eea06f22db0e9eb6537b220a9bbcb21b42f60f33673,837
inputs/candidates/seed5/gatedgcn/target_support_predictions.csv,173212,094cb364ae807550e7eb964df32b9644bc4122a7b3889c7a6c2674aa361f2cf2,300
inputs/candidates/seed5/graphgps/target_query_predictions.csv,475170,7531d9810615d8c0007db5a28675ca778d0d96607cb5b944281e81f28924cb5a,837
inputs/candidates/seed5/graphgps/target_support_predictions.csv,173926,2113e04fa030fca5e5aa426f8e921ace49e0325799efd8059e267a720b71d3d8,300
inputs/candidates/seed5/harp_hmoe_support_paired/target_query_predictions.csv,389936,01fe1e391cb4340993c1583d695af603a913af454a4265b46d2b2a8f8b575cc6,837
inputs/candidates/seed5/harp_hmoe_support_paired/target_support_predictions.csv,144563,3c820a47a8dbe371e3aff218bd818e68092109daaf69d073afb4333b4bc6f9be,300
inputs/candidates/seed5/polynormer/target_query_predictions.csv,476664,2840d98011b8077577fb7ec397f93ed91cd4f75369496e471821317745f78604,837
inputs/candidates/seed5/polynormer/target_support_predictions.csv,174516,522448686936dc0eb6b4e57b427fce17ab2aa84beb1ec6ce5586b9ca3689e8df,300
inputs/hmoe/seed1/target_finetune/target_query_predictions.csv,381249,56e751ed2cb0c1315de15433d8752d8195ddd4bf0681e2f37f771c17bbd86e0a,837
inputs/hmoe/seed1/target_finetune/target_support_predictions.csv,142377,e64f5d7c84d4f1fd8ad35b5560546b9f638f1d041fa7a3b9f1384b92382fa6d7,300
inputs/hmoe/seed2/target_finetune/target_query_predictions.csv,380888,666d0334abfb736a5255b7e11c669148d67f392a29ae41505ea5cdfeddb7bf26,837
inputs/hmoe/seed2/target_finetune/target_support_predictions.csv,142177,59da3cbad906624699139c7e20e561a22636ac30b03fb7814f71a7709dfde1dc,300
inputs/hmoe/seed3/target_finetune/target_query_predictions.csv,381634,e016b43000f1a9ac22fda9f08ffe902d97e11ad4d594a16d0442b513769a5acf,837
inputs/hmoe/seed3/target_finetune/target_support_predictions.csv,142351,ab637cfc61bbea0e73cbf66e098523230c094a77e3f57bf6723fc75d24016fad,300
inputs/hmoe/seed4/target_finetune/target_query_predictions.csv,381213,c7635ba03a485f4ace4c1f5811bde0f57c3b5f723e199cdb01c400db507ab5b9,837
inputs/hmoe/seed4/target_finetune/target_support_predictions.csv,142086,8bb5ad216076e2e2445ab3db50cd10fd2161a179bb99fc74af44bc748f51fd13,300
inputs/hmoe/seed5/target_finetune/target_query_predictions.csv,381926,d767bbb7a017158d96fe01a585359a49bae7d85a8701763bce0f9e439f7e58e5,837
inputs/hmoe/seed5/target_finetune/target_support_predictions.csv,141965,76319bce1089215d8371b6f6ffc343d7d4f4c50473b241b9df4ce0f38489ba96,300
inputs/stage5e/seed1/selection_lock.json,4339,f121737f88573ab44dd1f5d324b079a2c50b733bc82200958487fbb719302414,
inputs/stage5e/seed1/stage5e_convex_weights.csv,2886,171da52cdb92260d04c0ef95da443014932391ba9156fb4f422e29f37466a91e,30
inputs/stage5e/seed1/target_query_predictions.csv,405869,edc229d6e4aaf8aa792a8803b34a1ecf293e0ff114a6a167707fab71471ea789,837
inputs/stage5e/seed2/selection_lock.json,4341,65b29c1875fba691fb0dd5582d9fb5edd21667f9c6fbedbdd87e205f6dd2b188,
inputs/stage5e/seed2/stage5e_convex_weights.csv,2626,7dd0b76afc1bbb1a3ee545915e02ad4ac399ac89ef2f274ce57b46a88b996719,30
inputs/stage5e/seed2/target_query_predictions.csv,399403,e9b96b874370755dc93c948f7d048c3821bf6961b25f78f356cc983d26ceae5a,837
inputs/stage5e/seed3/selection_lock.json,4311,6f6d338c6bb831a545461e443a4f937dec687932c4ad82a7d2ef5f72e2e3d3e3,
inputs/stage5e/seed3/stage5e_convex_weights.csv,2512,478b1d0a2cd49880dbe654a9feb664c2854bd88c62539362188221859f9695f8,30
inputs/stage5e/seed3/target_query_predictions.csv,400069,3597e5e400df7c276ed525cb48bf66b998a1d616f1441700551fadd36e5de10f,837
inputs/stage5e/seed4/selection_lock.json,4314,40d43ea6a0e06af354ac3a8018e71b851f4a4dd0de6ee1fc92543d9a793aaac4,
inputs/stage5e/seed4/stage5e_convex_weights.csv,3574,ebc5730ea68b3a5fe67c3e27b875e713aea682f5528bd002ff6265b395c0e200,30
inputs/stage5e/seed4/target_query_predictions.csv,405744,63f338fde05186c895eaf11722627f6417aebace293b90e805ceca207422ae5f,837
inputs/stage5e/seed5/selection_lock.json,4326,2d96aad829725dce1547520bb33fa9346141c246acb83fd491ceb4900cc2f241,
inputs/stage5e/seed5/stage5e_convex_weights.csv,2697,5873649068b75a1ff95eeceed87e311b8c2ec3d1b0fe6d4f914accac823b03fa,30
inputs/stage5e/seed5/target_query_predictions.csv,403929,682b028a8c3807c431f00cbba897550a54b52c65161ce1da2f288c4f75e6573f,837
manifests/seed1_ids.csv,94104,49ee7c9bee6b7c0787abf59f5f9b6361062ad0105b8ef41a16d9a0acdec4d10f,1137
manifests/seed2_ids.csv,94104,bb7932eaee19e426aede83e750e6049fd8db7b512f1f64eb2bf139ea48b63a98,1137
manifests/seed3_ids.csv,94104,4537599178f3dc3444692cbb3ab079bbe9f39916f5aad1262f10bac438e9cb6e,1137
manifests/seed4_ids.csv,94104,6ed8511247c659176b9378096509ad92907fbca27b0c51688dd50287df6880dc,1137
manifests/seed5_ids.csv,94104,fd0098cc4fdecd00fb7fa4c42ffe4e39bdf1e221a5df75c38b4dc137c9e680b1,1137
protocol/audit_kmeans_hmoe_source_exact_seed1.json,4687,77b8c3adac771603214cfdc1672aa82d136d076cc8a50ff3118ec93823b896fb,
protocol/audit_kmeans_hmoe_source_exact_seed2.json,4687,208941ba31c3189e8fecc61b8dd788a1b518a09054b4ab89e3017587d37bdf19,
protocol/audit_kmeans_hmoe_source_exact_seed3.json,4687,170d284a6c2ac9240ac55f85a757149cad4f41516bd4e5e1e8965718e073527a,
protocol/audit_kmeans_hmoe_source_exact_seed4.json,4687,de6b339505285009f61f52a805c00f7f924a5894382156736021f035afdb5bf8,
protocol/audit_kmeans_hmoe_source_exact_seed5.json,4687,dd008a0c5ce24c4a749c74769a7ee934f6c5ff12f3386c76a0694be78f927da5,
protocol/manifest_kmeans_hmoe_source_exact_seed1.csv,3598322,8ec75eb0930dd826ca42e7f8df8f19abda90abb8b930e8e8f8a15f56b354bfea,10553
protocol/manifest_kmeans_hmoe_source_exact_seed2.csv,3598322,ca49c0d9ab772cad9fdaba025bdd177f7116664c5a8bfadcfefd809e4b30e909,10553
protocol/manifest_kmeans_hmoe_source_exact_seed3.csv,3598322,3fb1473db2ef07bacb69f88c550665c39b7b5090833732793aad94d4c2ea75e4,10553
protocol/manifest_kmeans_hmoe_source_exact_seed4.csv,3598322,a39775a135a74f174ae356b21c35835333cdd6d7368045db400cc00bdaa7a070,10553
protocol/manifest_kmeans_hmoe_source_exact_seed5.csv,3598322,fbd1e83e8f6d5d1deda85ea80c8a5a42f38bc9f291a994a5baf939c00bfdf21b,10553
inputs/sota/sgformer/seed1/target_query_predictions.csv,466417,020e723802ad849ca79e1e813e399e208e826d0a7cc68bf06d528aba55776a9a,837
inputs/sota/sgformer/seed1/target_support_predictions.csv,170797,257f4b8f9ebdae683824171ecb86e4f9f699eb2e07f35cfb8f70314e8b4e015a,300
inputs/sota/sgformer/seed2/target_query_predictions.csv,464535,5f27467b440070fa20704f384f6c3bc04df58fa5dfbabfd9212352cd15217911,837
inputs/sota/sgformer/seed2/target_support_predictions.csv,170729,ca0efdd0cadcb25ca6e4223ba5d5fcabb338442c980a4e5e2a6b153de6c04f4c,300
inputs/sota/sgformer/seed3/target_query_predictions.csv,464688,99aa2aa6bcdcf99e18aaa7faa6df17ad3f84bffdca81380ec1428cab8abf9bbe,837
inputs/sota/sgformer/seed3/target_support_predictions.csv,170226,a832712be73c4ed87da223df4a0d6553e079bcf000e8e1272333b759d4463b74,300
inputs/sota/sgformer/seed4/target_query_predictions.csv,465620,4cb4f3bfbc6bd936ecd3b4b3866987c49313a92f1d97512614fd9125af4c2304,837
inputs/sota/sgformer/seed4/target_support_predictions.csv,170766,f66fd14e0bab1fb3274485783bcd220fc360f8426bae00a3b0f7d00014a4eb89,300
inputs/sota/sgformer/seed5/target_query_predictions.csv,465722,5b84ebe0a592a2179a53138ed4cdde562f01d7f04b0dfedf69eec0a1f251ee61,837
inputs/sota/sgformer/seed5/target_support_predictions.csv,170442,0c04fc73fd0d99354df2878e7b3c9c8036b5ad92fee002062095e99e8d3ea6f9,300
